"Time (s)","Acceleration x (m/s^2)","Acceleration y (m/s^2)","Acceleration z (m/s^2)","Absolute acceleration (m/s^2)"
2.243012498E-2,-4.387376404E-1,1.591789856E0,9.039103088E0,9.188670758E0
3.248712496E-2,-1.377136230E-1,1.291663971E0,9.881401520E0,9.966416450E0
4.254512500E-2,-1.571731567E-2,9.220825195E-1,1.059811111E1,1.063815973E1
5.260212498E-2,6.721023560E-2,5.795947266E-1,1.099373840E1,1.100921120E1
6.266012497E-2,2.722837830E-1,2.658471680E-1,1.102457428E1,1.103114007E1
7.271712500E-2,4.975653076E-1,1.300794983E-1,1.086201233E1,1.087418060E1
8.277512499E-2,4.824467468E-1,9.116043091E-2,1.042701691E1,1.043857014E1
9.283212497E-2,3.248245239E-1,3.742218018E-2,9.837842102E0,9.843274283E0
1.028891250E-1,1.854643250E-1,-5.538482666E-2,9.238638153E0,9.240665529E0
1.129471250E-1,2.469863892E-2,-6.451583862E-2,8.831484833E0,8.831755016E0
1.230041250E-1,-6.301895142E-2,1.197509766E-2,8.640182648E0,8.640420764E0
1.330621250E-1,-8.352630615E-2,9.744735718E-2,8.597820740E0,8.598778640E0
1.431191250E-1,-8.861572266E-2,1.227447510E-1,8.731792145E0,8.733104435E0
1.531771250E-1,-5.628295898E-2,1.475930786E-1,8.987610168E0,8.988998166E0
1.632341250E-1,2.035766602E-2,2.255809021E-1,9.350156250E0,9.352899180E0
1.732921250E-1,1.844165039E-1,3.833528137E-1,9.841284943E0,9.850475021E0
1.833491250E-1,3.971241760E-1,4.903802490E-1,1.048329987E1,1.050227387E1
1.934071250E-1,5.938151550E-1,4.996609497E-1,1.105780518E1,1.108500486E1
2.034641250E-1,6.709048462E-1,4.674778748E-1,1.149519562E1,1.152424276E1
2.135221250E-1,6.060896301E-1,3.635939026E-1,1.153546188E1,1.155709419E1
2.235791250E-1,4.974156189E-1,1.311273193E-1,1.105930206E1,1.107125913E1
2.336371250E-1,4.251159668E-1,-2.095642090E-2,1.031894165E1,1.032771609E1
2.436941250E-1,3.002755737E-1,1.184037781E-1,9.649384003E0,9.654781018E0
2.537511250E-1,2.164498901E-1,2.529739380E-1,9.157357178E0,9.163407491E0
2.638091250E-1,2.264790344E-1,1.821711731E-1,8.787925415E0,8.792730645E0
2.738661250E-1,2.986289978E-1,3.951782227E-2,8.522976379E0,8.528298031E0
2.839241250E-1,3.269201660E-1,-3.442840576E-3,8.440797272E0,8.447126567E0
2.939811250E-1,2.959346008E-1,-6.286926270E-3,8.520132294E0,8.525272495E0
3.040391250E-1,2.426454163E-1,-4.475692749E-2,8.777297516E0,8.780764868E0
3.140961250E-1,1.863624573E-1,-4.415817261E-2,9.137897644E0,9.139904500E0
3.241541250E-1,9.190887451E-2,2.499801636E-2,9.489965515E0,9.490443489E0
3.342111250E-1,2.020797729E-2,5.164260864E-2,9.807754669E0,9.807911448E0
3.442691250E-1,6.197113037E-2,2.335144043E-2,1.001776794E1,1.001798684E1
3.543261250E-1,1.529818726E-1,3.008743286E-2,1.019335281E1,1.019454512E1
3.643841250E-1,2.710862732E-1,7.514373779E-2,1.040426422E1,1.040806650E1
3.744411250E-1,3.329077148E-1,9.834548950E-2,1.043345352E1,1.043922659E1
3.844991250E-1,3.353027344E-1,8.292755127E-2,1.020757324E1,1.021341551E1
3.945561250E-1,2.136058044E-1,6.571334839E-2,9.861492920E0,9.864024954E0
4.046141250E-1,8.053253174E-2,7.214996338E-2,9.538314972E0,9.538927802E0
4.146711250E-1,8.996292114E-2,2.874023438E-2,9.255253601E0,9.255735441E0
4.247281250E-1,3.203338623E-2,2.409988403E-2,9.043743439E0,9.043832281E0
4.347861250E-1,-8.861572266E-2,7.170089722E-2,8.969946899E0,8.970671165E0
4.448431250E-1,-1.227447510E-1,1.040336609E-1,9.064400482E0,9.065828444E0
4.549011250E-1,-1.826202393E-2,1.333726501E-1,9.257049866E0,9.258028623E0
4.649581250E-1,1.683998108E-1,1.957928467E-1,9.543703766E0,9.547197228E0
4.750157500E-1,4.007167053E-1,2.444416809E-1,9.762848053E0,9.774125420E0
4.850727500E-1,5.333409119E-1,1.924996948E-1,9.806407471E0,9.822786577E0
4.951307500E-1,5.288502502E-1,1.035845947E-1,9.781110077E0,9.795944400E0
5.051877500E-1,4.031117249E-1,3.188369751E-2,9.791438599E0,9.799784970E0
5.152457500E-1,2.546205139E-1,-1.669029236E-1,9.806407471E0,9.811132232E0
5.253027500E-1,2.237846375E-1,-4.565505981E-1,1.012838791E1,1.014114193E1
5.353607500E-1,2.891986084E-1,-6.316864014E-1,1.051084259E1,1.053377784E1
5.454177500E-1,4.640350342E-1,-6.938072205E-1,1.056323364E1,1.059615977E1
5.554757500E-1,6.156697083E-1,-7.403604126E-1,1.028990204E1,1.033485688E1
5.655327500E-1,6.598278809E-1,-7.045848083E-1,9.942324829E0,9.989075813E0
5.755897500E-1,5.171745300E-1,-5.002597046E-1,9.780661011E0,9.807092284E0
5.856477500E-1,2.430944824E-1,-2.281256104E-1,9.683662720E0,9.689399357E0
5.957047500E-1,-6.286926270E-3,6.691085815E-2,9.592202911E0,9.592438339E0
6.057627500E-1,-1.799258423E-1,2.766247559E-1,9.379644928E0,9.385447967E0
6.158197500E-1,-5.463638306E-2,3.933819580E-1,9.149723053E0,9.158338629E0
6.258777500E-1,1.032852173E-1,7.607180786E-1,9.379345551E0,9.410711067E0
6.359347500E-1,2.146536255E-1,1.043031006E0,9.911488953E0,9.968530640E0
6.459927500E-1,8.363108826E-1,9.686357117E-1,9.794881439E0,9.878126009E0
6.560497500E-1,1.595532074E0,9.265731812E-1,9.145232391E0,9.329498162E0
6.661077500E-1,1.951192474E0,9.599537659E-1,8.774303741E0,9.039749413E0
6.761647500E-1,1.659598846E0,1.140478363E0,8.846902771E0,9.073182896E0
6.862227500E-1,1.209185486E0,1.051413574E0,8.998687134E0,9.140239066E0
6.962797500E-1,9.352551270E-1,8.247848511E-1,9.033564606E0,9.119224840E0
7.063377500E-1,6.444099426E-1,6.108796692E-1,8.922794952E0,8.966867229E0
7.163947500E-1,6.481521606E-2,5.270539856E-1,9.216783600E0,9.232068395E0
7.264517500E-1,-4.489164734E-1,5.245092773E-1,9.562564545E0,9.587454128E0
7.365097500E-1,-5.733078003E-1,5.833369446E-1,9.715696106E0,9.750062289E0
7.465667500E-1,-4.170327759E-1,6.126759338E-1,9.854457550E0,9.882288285E0
7.566247500E-1,-7.559280396E-2,5.319937134E-1,9.912836151E0,9.927388989E0
7.666817500E-1,4.629872131E-1,4.255650330E-1,9.797126770E0,9.817288613E0
7.767397500E-1,1.012344818E0,2.853067017E-1,9.805509338E0,9.861757213E0
7.867967500E-1,1.349294128E0,2.465373230E-1,1.002824615E1,1.012161530E1
7.968547500E-1,1.425485687E0,3.420387268E-1,1.044183609E1,1.054423733E1
8.069117500E-1,1.589394836E0,4.079017639E-1,1.090646988E1,1.102921779E1
8.169697500E-1,1.771116943E0,5.572911072E-1,1.145747406E1,1.160694363E1
8.270267500E-1,2.106868744E0,5.203179932E-1,1.206281525E1,1.225647333E1
8.370847500E-1,2.282154236E0,3.763174438E-1,1.297546738E1,1.318000745E1
8.471417500E-1,1.206191711E0,1.088237000E-1,1.449899918E1,1.454949202E1
8.571997500E-1,6.313870239E-1,7.212002563E-1,1.596011078E1,1.598886849E1
8.672567500E-1,-3.439846802E-1,1.033450928E0,1.736329285E1,1.739742178E1
8.773137500E-1,-8.675958252E-1,2.594105530E-1,1.744487320E1,1.746836046E1
8.873717500E-1,-1.243613892E0,-2.589614868E-2,1.728350876E1,1.732821171E1
8.974287500E-1,-1.153351593E0,-4.879852295E-2,1.674567719E1,1.678541943E1
9.074867500E-1,-9.136999512E-1,5.239105225E-2,1.599543732E1,1.602159815E1
9.175437500E-1,-1.145717468E0,3.604504395E-1,1.526824951E1,1.531541825E1
9.276017500E-1,-1.186283112E0,5.123844910E-1,1.455004303E1,1.460731179E1
9.376587500E-1,-9.023236084E-1,6.146218872E-1,1.401670212E1,1.405915667E1
9.477167500E-1,-6.114784241E-1,8.458909607E-1,1.376118347E1,1.380071041E1
9.577737500E-1,-3.372486877E-1,1.208586731E0,1.382495087E1,1.388177528E1
9.678317500E-1,-2.883004761E-1,1.516197052E0,1.408031982E1,1.416465238E1
9.778887500E-1,-4.960684204E-1,1.604812775E0,1.453791824E1,1.463463613E1
9.879467500E-1,-7.078779602E-1,1.657802582E0,1.545086975E1,1.555566703E1
9.980037500E-1,-8.488847351E-1,1.630708923E0,1.654943527E1,1.665123493E1
1.008061750E0,-8.044271851E-1,1.445094910E0,1.762479904E1,1.770222991E1
1.018118750E0,-2.180964661E-1,1.045875092E0,1.870794662E1,1.873842810E1
1.028175750E0,3.817062378E-1,6.583309937E-1,1.937256454E1,1.938750516E1
1.038233750E0,8.893006897E-1,6.959028625E-1,1.948587891E1,1.951857098E1
1.048290750E0,1.160686340E0,4.908293152E-1,1.831636093E1,1.835966187E1
1.058348750E0,4.834945679E-1,7.544311523E-1,1.659179718E1,1.661597626E1
1.068405750E0,7.267387390E-1,1.215173035E0,1.519265671E1,1.525849313E1
1.078463750E0,7.203021240E-1,1.219514008E0,1.450319046E1,1.457218525E1
1.088520750E0,1.886077881E-1,1.146914978E0,1.381971176E1,1.386850461E1
1.098578750E0,-9.630972290E-1,8.247848511E-1,1.345626755E1,1.351587817E1
1.108635750E0,-2.095043335E0,3.607498169E-1,1.320643707E1,1.337644673E1
1.118693750E0,-2.717149658E0,-2.305206299E-1,1.257609787E1,1.286834409E1
1.128750750E0,-2.796035614E0,-6.819818115E-1,1.177167068E1,1.211838046E1
1.138808750E0,-2.298470306E0,-6.873706055E-1,1.140672958E1,1.165628259E1
1.148865750E0,-1.592987366E0,-4.498146057E-1,1.174921738E1,1.186524550E1
1.158922750E0,-1.033001862E0,-3.866459656E-1,1.321466995E1,1.326062178E1
1.168980750E0,8.202941895E-2,-5.373825073E-1,1.447654587E1,1.448674874E1
1.179037750E0,1.566492462E0,-8.785231018E-1,1.571611816E1,1.581840926E1
1.189095750E0,2.467169495E0,-1.375190277E0,1.627296021E1,1.651627402E1
1.199152750E0,2.473456421E0,-1.889969788E0,1.570818466E1,1.601365161E1
1.209210750E0,1.365610199E0,-1.686692505E0,1.379770752E1,1.396733889E1
1.219267750E0,-6.780899048E-2,-1.992207184E0,1.135987701E1,1.153344239E1
1.229325750E0,-7.238946533E-1,-2.475701752E0,9.661059723E0,9.999459866E0
1.239382750E0,-1.231938171E-1,-2.578388214E0,9.195677490E0,9.551112344E0
1.249440750E0,-3.382965088E-2,-2.309996338E0,9.909393311E0,1.017513161E1
1.259497750E0,-8.081694031E-1,-1.722917175E0,1.066472260E1,1.083318464E1
1.269555750E0,-8.375083923E-1,-1.427132263E0,1.105720642E1,1.118033723E1
1.279612750E0,-1.140628052E0,-1.538051605E0,1.140029297E1,1.155998767E1
1.289670750E0,-1.435963898E0,-2.260748749E0,1.107457031E1,1.139381783E1
1.299727750E0,-1.701362000E0,-2.927612000E0,1.011326935E1,1.066507204E1
1.309785750E0,-2.348166962E0,-3.379372559E0,8.952882385E0,9.853331922E0
1.319842750E0,-3.109932861E0,-3.714226227E0,7.424560547E0,8.865171074E0
1.329899750E0,-2.954406281E0,-3.304977264E0,6.303990784E0,7.706600482E0
1.339957750E0,-3.012036438E0,-2.480192413E0,6.013594666E0,7.168475341E0
1.350014750E0,-3.251987457E0,-1.571881256E0,6.817423096E0,7.715146841E0
1.360072750E0,-3.679348755E0,-6.265969849E-1,8.793314209E0,9.552622981E0
1.370129750E0,-3.773502960E0,-7.753875732E-2,1.051248917E1,1.116950157E1
1.380187750E0,-3.657793579E0,-1.410067749E-1,1.151944519E1,1.208705730E1
1.390244750E0,-3.365601196E0,-7.234455872E-1,1.202105209E1,1.250425281E1
1.400302750E0,-2.621199188E0,-1.497036896E0,1.122500748E1,1.162379445E1
1.410359750E0,-2.280058594E0,-1.943109283E0,9.622290344E0,1.007783768E1
1.420417750E0,-2.360441437E0,-2.043849792E0,8.583001556E0,9.133286455E0
1.430474750E0,-2.712958374E0,-1.793570251E0,8.934021606E0,9.507564328E0
1.440532750E0,-2.454895020E0,-1.475332031E0,9.864786072E0,1.027215257E1
1.450589750E0,-1.289867706E0,-2.157463531E0,1.100526443E1,1.128867808E1
1.460646750E0,-7.363188171E-1,-2.858455811E0,1.231189728E1,1.266079577E1
1.470704750E0,-3.373983765E-1,-3.651356964E0,1.365086288E1,1.413479051E1
1.480762208E0,2.068698120E-1,-4.904401245E0,1.422836197E1,1.505131991E1
1.490820208E0,-2.769241333E-1,-5.581892395E0,1.408421173E1,1.515253212E1
1.500877208E0,-1.362317047E0,-3.516337738E0,1.198722244E1,1.256638535E1
1.510935208E0,-3.549418945E0,-1.844614105E0,1.110480743E1,1.180329294E1
1.520992208E0,-3.366948395E0,-1.341360626E0,8.940757599E0,9.647421224E0
1.531050208E0,-2.417622528E0,-1.191671906E0,8.015232239E0,8.456295197E0
1.541107208E0,-1.706451416E0,-3.444337463E-1,8.399632874E0,8.578137528E0
1.551165208E0,-8.376580811E-1,4.959187317E-1,9.753866730E0,9.802322308E0
1.561222208E0,7.125183105E-2,1.035995636E0,1.038330780E1,1.043510636E1
1.571280208E0,5.809419250E-1,1.330732727E0,1.072789124E1,1.082570984E1
1.581337208E0,3.683839417E-1,1.649420013E0,1.053748718E1,1.067215673E1
1.591395208E0,2.740800476E-1,1.700463867E0,9.344019012E0,9.501441393E0
1.601452208E0,7.003935242E-1,1.888622589E0,7.262747040E0,7.536905263E0
1.611509208E0,4.984634399E-2,1.608704681E0,7.189249878E0,7.367206337E0
1.621567208E0,-4.489164734E-1,7.695497131E-1,8.808432770E0,8.853373403E0
1.631624208E0,-8.382568359E-3,3.089575195E-1,1.111798004E1,1.112227518E1
1.641682208E0,5.435197449E-1,-6.342311096E-1,1.256831406E1,1.259603831E1
1.651739208E0,9.131011963E-1,-1.342558136E0,1.224827957E1,1.235542669E1
1.661797208E0,8.913963318E-1,-1.073268127E0,1.104493195E1,1.113270019E1
1.671854208E0,8.372090149E-1,-5.930667114E-1,9.616751862E0,9.671326870E0
1.681912208E0,1.348845062E0,1.288819885E-1,8.141719208E0,8.253701305E0
1.691969208E0,1.757046204E0,6.727011108E-1,6.931485901E0,7.182286192E0
1.702027208E0,1.124012604E0,7.457492065E-1,6.649771729E0,6.785205248E0
1.712084208E0,-5.568420410E-2,9.367520142E-1,7.242688751E0,7.303228424E0
1.722142208E0,-9.322613525E-1,6.122268677E-2,8.086334381E0,8.140126729E0
1.732199208E0,-1.793570251E0,-1.788031769E0,9.834399261E0,1.015526271E1
1.742256208E0,-1.640887756E0,-2.738704834E0,1.093056976E1,1.138728994E1
1.752314208E0,-4.357438660E-1,-2.122586060E0,1.022538620E1,1.045245269E1
1.762371208E0,4.061054993E-1,-1.535656586E0,8.751101990E0,8.894096293E0
1.772429208E0,5.878276062E-1,-1.240919495E0,7.817942505E0,7.937609684E0
1.782486208E0,4.965174866E-1,-8.964857483E-1,7.920030212E0,7.986056278E0
1.792544208E0,5.010081482E-1,-8.170010376E-1,7.968529358E0,8.025955394E0
1.802601208E0,8.249345398E-1,-1.263672180E0,7.870782623E0,8.014150203E0
1.812659208E0,1.324894867E0,-1.598675537E0,8.865763550E0,9.105650619E0
1.822716208E0,1.776056671E0,-1.838925934E0,9.526190186E0,9.863281672E0
1.832774208E0,2.038011932E0,-2.659669189E0,9.106612701E0,9.703490492E0
1.842831208E0,2.046693878E0,-3.487447815E0,9.267378387E0,1.011115969E1
1.852889208E0,2.521656189E0,-3.250041504E0,9.668394470E0,1.050711051E1
1.862946208E0,3.506308594E0,-2.620899811E0,8.989256744E0,9.998502517E0
1.873004208E0,4.369413757E0,-2.085912323E0,7.362140350E0,8.811578595E0
1.883061208E0,5.301076355E0,-1.436562653E0,5.087320862E0,7.486384730E0
1.893118208E0,5.222938843E0,-5.144801331E-1,3.923790436E0,6.552855206E0
1.903176208E0,4.118385773E0,-1.610650635E-1,3.643573151E0,5.501151573E0
1.913233208E0,2.361638947E0,-8.192463684E-1,3.839365997E0,4.581400920E0
1.923291208E0,1.538800049E-1,-2.013612671E0,5.317691803E0,5.688247635E0
1.933348208E0,-1.206191711E0,-3.445235596E0,6.918013916E0,7.821985892E0
1.943406208E0,-1.507664795E0,-4.079616394E0,6.939569092E0,8.189868267E0
1.953463208E0,-1.360969849E0,-2.911894684E0,6.425388336E0,7.184496144E0
1.963521208E0,-7.758366394E-1,-1.042731628E0,5.595364380E0,5.744328880E0
1.973578208E0,-1.288819885E-1,4.629872131E-1,4.097429352E0,4.125517546E0
1.983636208E0,1.686093750E0,1.224753113E0,1.471589813E0,2.551177944E0
1.993693208E0,1.798509979E0,2.145338745E0,-1.145118713E-1,2.801826091E0
2.003751208E0,-3.793112183E-1,2.460583191E0,1.365161133E-1,2.493387914E0
2.013808208E0,-2.633174286E0,2.153122559E0,2.472558289E0,4.205126403E0
2.023865208E0,-3.266507263E0,2.035167847E0,7.372917938E0,8.316964397E0
2.033923208E0,-1.938319244E0,1.103954315E0,8.871601410E0,9.147737873E0
2.043980208E0,-6.906637573E-1,-3.342549133E-1,7.502847748E0,7.541980317E0
2.054038208E0,7.259902954E-2,-8.101153564E-1,6.594087524E0,6.644061092E0
2.064095208E0,6.468049622E-1,3.472778320E-2,6.331533508E0,6.364580053E0
2.074153208E0,9.315129089E-1,4.683760071E-1,6.055806885E0,6.144907600E0
2.084210208E0,1.079105988E0,8.381071472E-1,5.123545532E0,5.302604279E0
2.094268208E0,1.903292084E0,9.279203796E-1,3.363505554E0,3.974509605E0
2.104325208E0,1.850002899E0,5.821394348E-1,3.205134888E0,3.746236338E0
2.114383208E0,8.482859802E-1,5.236111450E-1,4.189936981E0,4.306893270E0
2.124440208E0,8.846603394E-2,6.909631348E-1,3.941453705E0,4.002538395E0
2.134498208E0,9.011260986E-2,6.111790466E-1,2.302362213E0,2.383806173E0
2.144555208E0,2.000589752E0,8.165519714E-1,-5.221142578E-1,2.222997926E0
2.154613208E0,7.514373779E-2,2.749332733E0,-1.505419464E0,3.135405049E0
2.164670208E0,-3.088078308E0,3.327580261E0,-1.550326080E0,4.797137583E0
2.174727208E0,-6.282285919E0,3.782334595E0,1.903741150E0,7.576107294E0
2.184785208E0,-4.876858521E0,3.404969330E0,5.529950409E0,8.121447943E0
2.194842208E0,-4.041595459E0,1.900447998E0,4.596192169E0,6.408679966E0
2.204900208E0,-5.581742706E0,1.670526123E0,3.414848785E0,6.753347421E0
2.214957208E0,-6.020031281E0,2.686014404E0,3.186872864E0,7.321994854E0
2.225015208E0,-6.072871399E0,3.482358398E0,4.277804260E0,8.204035369E0
2.235072208E0,-6.331832886E0,4.247118073E0,5.261408844E0,9.263505958E0
2.245130208E0,-5.692212982E0,5.195096741E0,4.808151398E0,9.083426592E0
2.255187208E0,-4.973557434E0,6.118526459E0,3.658542023E0,8.692385709E0
2.265245208E0,-4.881049805E0,6.624474335E0,3.058290253E0,8.778464939E0
2.275302208E0,-5.193599854E0,6.760092316E0,3.234024811E0,9.117633686E0
2.285360208E0,-6.046226807E0,6.954537964E0,4.316873016E0,1.017633773E1
2.295417208E0,-6.556964722E0,7.221732330E0,5.232518921E0,1.106916702E1
2.305474208E0,-6.547833710E0,7.504644012E0,5.322332153E0,1.129252087E1
2.315532208E0,-6.614744568E0,7.548951874E0,4.818180542E0,1.113357013E1
2.325589208E0,-6.791377258E0,7.511080627E0,3.953129425E0,1.087043557E1
2.335647208E0,-6.732699280E0,7.716154175E0,3.667822723E0,1.087755480E1
2.345704208E0,-6.407276001E0,8.148754578E0,3.631747742E0,1.098385081E1
2.355762208E0,-5.711073761E0,8.085735626E0,3.145409088E0,1.038696695E1
2.365819208E0,-4.984035645E0,7.780819702E0,2.861150208E0,9.673052623E0
2.375877208E0,-4.249064026E0,7.568112030E0,2.976709900E0,9.175601704E0
2.385934208E0,-3.600163422E0,6.901697845E0,3.146905975E0,8.396286502E0
2.395992208E0,-2.895129547E0,5.989644470E0,4.199517059E0,7.867245992E0
2.406049208E0,-2.592908020E0,5.580245819E0,6.009104004E0,8.600677086E0
2.416107208E0,-2.302811279E0,5.193749542E0,6.923402710E0,8.956086153E0
2.426164208E0,-1.720372467E0,4.682263184E0,7.073839874E0,8.655777291E0
2.436222208E0,-1.373394012E0,4.381538544E0,6.931635590E0,8.314545271E0
2.446279208E0,-1.158141632E0,4.142335968E0,6.370003510E0,7.686168358E0
2.456336208E0,-6.514453125E-1,4.145479431E0,6.039490814E0,7.354238914E0
2.466394208E0,-1.194515991E-1,3.895199890E0,6.413413239E0,7.504579951E0
2.476451208E0,1.541793823E-2,3.108585663E0,7.191195831E0,7.834337242E0
2.486509208E0,-5.134323120E-2,2.169288940E0,8.284971313E0,8.564414767E0
2.496566208E0,-5.993536377E-1,1.424886932E0,9.464967499E0,9.590366902E0
2.506624208E0,-1.203497314E0,1.141376495E0,9.858798523E0,9.997352370E0
2.516681208E0,-1.283580780E0,1.395547943E0,8.658893738E0,8.864060833E0
2.526739208E0,-1.020278320E0,2.145638123E0,6.975943451E0,7.369431310E0
2.536796208E0,-6.773414612E-1,3.404969330E0,5.429658966E0,6.444672535E0
2.546854208E0,-4.587959290E-1,4.496798859E0,4.143084412E0,6.131626385E0
2.556911208E0,-2.414479065E-1,4.848866730E0,4.002526703E0,6.292060526E0
2.566969208E0,-2.293231201E-1,4.390070801E0,4.720882874E0,6.450739945E0
2.577026208E0,-4.896318054E-1,3.508553925E0,5.579197998E0,6.608868303E0
2.587083208E0,-1.221759338E0,2.098186798E0,6.524182892E0,6.961325027E0
2.597141208E0,-2.002535706E0,1.287921753E0,8.052654419E0,8.397269490E0
2.607198208E0,-2.192341003E0,1.246158600E0,9.339678040E0,9.674133357E0
2.617256208E0,-2.117047577E0,1.172062683E0,9.067244568E0,9.384590850E0
2.627313208E0,-1.793121185E0,1.197509766E0,7.813002777E0,8.105080235E0
2.637371208E0,-1.212179260E0,1.526974640E0,6.921456757E0,7.190799242E0
2.647428208E0,-5.921685791E-1,1.997446289E0,5.814808044E0,6.176766783E0
2.657486208E0,9.295669556E-2,2.640808411E0,4.352349243E0,5.091704424E0
2.667543208E0,9.602531433E-1,3.158132629E0,4.060456238E0,5.232895247E0
2.677601208E0,1.476080475E0,2.886597290E0,5.057682495E0,6.007612646E0
2.687658208E0,1.295256500E0,1.833088074E0,6.909631348E0,7.265046913E0
2.697716208E0,7.427554321E-1,8.042774963E-1,9.274563446E0,9.338954708E0
2.707773208E0,4.266128540E-2,-1.691482544E-2,1.060589493E1,1.060599422E1
2.717831208E0,-5.692662048E-1,-3.038681030E-1,1.016985168E1,1.019030339E1
2.727888208E0,-9.773176575E-1,2.251318359E-1,8.527317352E0,8.586091973E0
2.737945208E0,-1.012494507E0,1.096320190E0,6.805298309E0,6.967004246E0
2.748003208E0,-9.451345825E-1,1.601819000E0,5.558391266E0,5.861298231E0
2.758060208E0,-9.186396790E-1,1.731150055E0,5.092709656E0,5.456782111E0
2.768118208E0,-6.436614990E-1,1.488055573E0,5.082081757E0,5.334431975E0
2.778175208E0,-2.294728088E-1,9.842033386E-1,5.691464539E0,5.780491551E0
2.788233208E0,1.360670471E-1,6.593788147E-1,6.922654266E0,6.955317157E0
2.798290208E0,4.629872131E-1,3.459306335E-1,7.835306396E0,7.856592868E0
2.808348208E0,3.020718384E-1,-6.721023560E-2,8.416098633E0,8.421786082E0
2.818405208E0,8.741821289E-2,-2.865042114E-1,8.906628571E0,8.911664216E0
2.828463208E0,1.025367737E-1,-3.116519165E-1,9.051527252E0,9.057471297E0
2.838520208E0,2.456391907E-1,-9.729766846E-3,8.975485382E0,8.978851325E0
2.848578208E0,1.366658020E-1,3.215313721E-1,8.576265564E0,8.583378763E0
2.858635208E0,-9.699829102E-2,7.578739929E-1,7.924071808E0,7.960822550E0
2.868692208E0,-2.079176331E-1,1.020428009E0,7.178921356E0,7.254061959E0
2.878750208E0,-2.829116821E-1,9.360035706E-1,6.522985382E0,6.595868404E0
2.888807208E0,-3.008743286E-1,7.518864441E-1,6.015989685E0,6.070254564E0
2.898865208E0,3.124003601E-1,1.779798889E-1,4.726870422E0,4.740524741E0
2.908922208E0,1.235231323E0,-7.560777283E-1,3.964655457E0,4.220893607E0
2.918980208E0,4.293072510E-1,-3.876937866E-1,5.364394684E0,5.395492703E0
2.929037208E0,4.340972900E-2,6.810836792E-2,7.554041290E0,7.554473044E0
2.939095208E0,5.776487732E-1,-6.471043396E-1,7.355853424E0,7.406821297E0
2.949152208E0,4.583468628E-1,-5.435197449E-1,6.935377808E0,6.971725819E0
2.959210208E0,3.394940186E-1,4.951702881E-1,6.759044495E0,6.785656363E0
2.969267208E0,5.236111450E-1,1.366807709E0,6.687642975E0,6.845940440E0
2.979325208E0,5.966592407E-1,1.616937561E0,6.700516205E0,6.918627518E0
2.989382208E0,7.469467163E-1,1.083896027E0,6.625073090E0,6.754580182E0
2.999439208E0,9.645941162E-1,5.182223511E-1,6.761888580E0,6.849973240E0
3.009497208E0,1.043330383E0,2.058219910E-1,6.697372742E0,6.781275885E0
3.019554208E0,1.118773499E0,-1.877096558E-1,6.424340515E0,6.523729003E0
3.029612208E0,1.566492462E0,-7.788304138E-1,6.383924561E0,6.619287593E0
3.039669208E0,1.858385468E0,-8.452922058E-1,6.774761810E0,7.075698767E0
3.049727208E0,1.649120636E0,-5.393284607E-1,7.595355377E0,7.791013886E0
3.059784208E0,1.709295502E0,-8.777746582E-1,8.554261322E0,8.767415025E0
3.069842208E0,1.683998108E0,-1.259780273E0,9.320368195E0,9.554693048E0
3.079899208E0,1.320404205E0,-1.322799225E0,9.169781342E0,9.358320090E0
3.089957208E0,1.087787933E0,-1.136287079E0,8.436605988E0,8.582001602E0
3.100014208E0,5.071453857E-1,-1.245410156E-1,7.533833313E0,7.551910440E0
3.110072208E0,4.294569397E-1,4.890330505E-1,6.696025543E0,6.727580892E0
3.120129208E0,1.205143890E0,1.507365417E-1,5.459596710E0,5.593057262E0
3.130186208E0,1.949396210E0,-1.990859985E-1,4.927303619E0,5.302650448E0
3.140244208E0,2.462678833E0,-2.583627319E-1,5.160069580E0,5.723447947E0
3.150301208E0,2.719844055E0,-2.637515259E-1,6.135141907E0,6.716180668E0
3.160359208E0,2.809507599E0,-4.308041382E-1,7.306306458E0,7.839709128E0
3.170416208E0,2.587070160E0,-5.828878784E-1,8.156239014E0,8.576533399E0
3.180474208E0,1.905238037E0,-9.229806519E-1,8.522976379E0,8.781967412E0
3.190531208E0,1.279988251E0,-1.158740387E0,8.541537781E0,8.714293825E0
3.200589208E0,1.380429382E0,-1.208736420E0,8.010442200E0,8.217895914E0
3.210646208E0,1.316362610E0,-1.187031555E0,7.308701477E0,7.520569906E0
3.220704208E0,1.162332916E0,-1.432521057E0,7.109465790E0,7.344905595E0
3.230761208E0,9.045689392E-1,-1.908231812E0,7.384593658E0,7.680613069E0
3.240819208E0,8.132588196E-1,-2.397115173E0,7.579488373E0,7.991007136E0
3.250876208E0,7.744894409E-1,-2.641856232E0,8.106093292E0,8.560840304E0
3.260933208E0,3.845503235E-1,-2.136656799E0,8.378676453E0,8.655368295E0
3.270991208E0,5.777984619E-1,-1.468296661E0,7.919730835E0,8.075387461E0
3.281048208E0,1.118623810E0,-9.240284729E-1,7.283703461E0,7.426808463E0
3.291106208E0,1.959425354E0,-5.764512634E-1,7.151528320E0,7.437472763E0
3.301163208E0,2.316882019E0,-3.676354980E-1,7.268435211E0,7.637620609E0
3.311221208E0,2.138003998E0,-5.782475281E-1,8.069569244E0,8.367997316E0
3.321278208E0,2.074086914E0,-9.452842712E-1,9.707762604E0,9.971762816E0
3.331336208E0,1.553619232E0,-1.349593506E0,1.132305359E1,1.150854804E1
3.341393208E0,7.908055115E-1,-1.798360291E0,1.284149597E1,1.299090035E1
3.351451208E0,-1.639091492E-1,-1.809137878E0,1.386057678E1,1.397910708E1
3.361508208E0,-1.114731903E0,-1.316512299E0,1.398122589E1,1.408724633E1
3.371566208E0,-7.207511902E-1,-9.696835327E-1,1.359158615E1,1.364518166E1
3.381623208E0,1.526824951E-1,-1.043031006E0,1.285362076E1,1.289677449E1
3.391681208E0,1.261875916E-1,-8.786727905E-1,1.203557190E1,1.206826334E1
3.401738208E0,-2.698887634E-1,-7.731422424E-1,1.140657990E1,1.143593694E1
3.411795208E0,1.841171265E-1,-6.080355835E-1,1.170431076E1,1.172153986E1
3.421853208E0,9.440867615E-1,2.585124207E-1,1.329086151E1,1.332685740E1
3.431910208E0,1.529968414E0,9.839039612E-1,1.501916748E1,1.512892138E1
3.441968208E0,2.139201508E0,1.104702759E0,1.618464386E1,1.636273963E1
3.452025208E0,2.292782135E0,1.009351044E0,1.681273773E1,1.699834667E1
3.462083208E0,1.821861420E0,1.066681824E0,1.729174164E1,1.742014116E1
3.472140208E0,1.026265869E0,7.897576904E-1,1.754740997E1,1.759512818E1
3.482197708E0,4.222718811E-1,3.474275208E-1,1.812700470E1,1.813525072E1
3.492254708E0,3.275189209E-1,3.688330078E-1,1.919443497E1,1.920077186E1
3.502312708E0,1.070124664E0,3.791615295E-1,1.991982651E1,1.995215323E1
3.512369708E0,1.538650360E0,7.274871826E-2,2.034973251E1,2.040794822E1
3.522426708E0,7.041357422E-1,1.984872437E-1,1.893352753E1,1.894765603E1
3.532484708E0,9.803114319E-1,3.740721130E-1,1.777044617E1,1.780139594E1
3.542541708E0,8.408015442E-1,9.301657104E-1,1.773931091E1,1.778356846E1
3.552599708E0,5.909710693E-1,1.262923737E0,1.742391678E1,1.747961953E1
3.562656708E0,9.732760620E-1,1.702709198E0,1.785247559E1,1.795988222E1
3.572714708E0,1.361119537E0,2.506088562E0,1.841949646E1,1.863896392E1
3.582771708E0,1.795067139E0,2.956202545E0,1.846994156E1,1.879095902E1
3.592829708E0,1.611698456E0,3.119962006E0,1.828387848E1,1.861805433E1
3.602886708E0,1.912123718E0,2.978805542E0,1.787492889E1,1.822203563E1
3.612944708E0,2.588567047E0,3.065924377E0,1.743514343E1,1.789091384E1
3.623001708E0,2.565514984E0,3.381318512E0,1.714729202E1,1.766479000E1
3.633059708E0,2.020797729E0,3.386707306E0,1.707304642E1,1.752262320E1
3.643116708E0,2.291584625E0,3.205284576E0,1.706556198E1,1.751452583E1
3.653174708E0,2.467319183E0,3.291505280E0,1.714998642E1,1.763643119E1
3.663231708E0,2.123334503E0,3.035238190E0,1.687680450E1,1.727853439E1
3.673288708E0,2.033820648E0,2.666255493E0,1.626637390E1,1.660843956E1
3.683346708E0,1.993404694E0,2.460583191E0,1.561073730E1,1.592869270E1
3.693403708E0,1.617386627E0,2.419418793E0,1.452294937E1,1.481167058E1
3.703461708E0,1.457668762E0,2.150128784E0,1.315120193E1,1.340529613E1
3.713518708E0,1.785337372E0,2.753673706E0,1.228255829E1,1.271343331E1
3.723576708E0,3.289559326E0,6.816974030E0,1.712438965E1,1.872263487E1
3.733633708E0,7.967780914E0,5.855223999E0,1.951117630E1,2.187361839E1
3.743691708E0,4.276756439E0,8.469537506E0,2.048849396E1,2.257879748E1
3.753748708E0,-5.132676544E0,1.296513885E1,2.937401642E1,3.251571981E1
3.763806708E0,-4.636009369E0,7.748187561E0,2.282842804E1,2.454921832E1
3.773863708E0,4.861889648E0,-1.821412354E0,1.350267105E1,1.446643147E1
3.783921708E0,3.817661133E0,-4.549339600E0,1.074869797E1,1.228029052E1
3.793978708E0,-1.881587219E-1,-3.130140839E0,1.019634659E1,1.066764590E1
3.804035708E0,-3.118914185E0,-2.567460938E0,9.688153381E0,1.049665648E1
3.814093708E0,-3.597169647E0,-3.474125519E0,9.175768890E0,1.045006757E1
3.824150708E0,-3.643573151E0,-3.979175262E0,9.647587738E0,1.105375096E1
3.834208708E0,-2.652334442E0,-3.248095551E0,1.105106918E1,1.181994640E1
3.844265708E0,-4.977149963E-1,-1.903890839E0,1.337708221E1,1.352105207E1
3.854323708E0,1.185534668E0,-8.071215820E-1,1.411055695E1,1.418325615E1
3.864380708E0,3.053051147E0,3.766168213E-1,1.373169479E1,1.407204333E1
3.874438708E0,3.481609955E0,2.055675201E0,1.381417328E1,1.439370667E1
3.884495708E0,3.425626373E0,2.875370636E0,1.400547546E1,1.470224525E1
3.894553708E0,3.357368317E0,2.794538727E0,1.379171997E1,1.446695920E1
3.904610708E0,2.711311798E0,2.328408051E0,1.337334000E1,1.384264853E1
3.914668708E0,1.365759888E0,1.951192474E0,1.273581573E1,1.295659888E1
3.924725708E0,1.649869080E0,1.644031219E0,1.273282196E1,1.294409756E1
3.934782708E0,1.820364532E0,2.110311584E0,1.508323425E1,1.533854940E1
3.944840708E0,1.252894592E0,2.436183929E0,1.792432617E1,1.813246276E1
3.954897708E0,4.680766296E-1,1.787732391E0,1.892080399E1,1.901083655E1
3.964955708E0,3.649411011E-1,3.408412170E-1,1.854583374E1,1.855255518E1
3.975012708E0,5.643264771E-1,-9.500743103E-1,1.756806702E1,1.760278626E1
3.985070708E0,6.255491638E-1,-1.759291534E0,1.627415771E1,1.638092268E1
3.995127708E0,1.871109009E-1,-1.869911499E0,1.515942581E1,1.527546302E1
4.005185708E0,-3.420387268E-1,-1.303040314E0,1.420890244E1,1.427262460E1
4.015242708E0,-5.691165161E-1,-1.782792664E-1,1.323817108E1,1.325159804E1
4.025300708E0,-1.760339355E-1,7.147636414E-1,1.233270401E1,1.235465350E1
4.035357708E0,4.192781067E-1,1.340013428E0,1.153441406E1,1.161955842E1
4.045415708E0,5.963598633E-1,1.619182892E0,1.166614014E1,1.179305830E1
4.055472708E0,5.957611084E-1,1.757944336E0,1.131661697E1,1.146782976E1
4.065529708E0,9.343569946E-1,1.481169891E0,1.063358734E1,1.077683010E1
4.075587708E0,9.669891357E-1,1.809886322E0,1.030457153E1,1.050690016E1
4.085644708E0,1.347946930E0,2.380499725E0,9.848320312E0,1.022121093E1
4.095702708E0,6.680607605E-1,2.146236877E0,9.094637604E0,9.368301397E0
4.105759708E0,7.885601807E-1,2.751428375E0,8.487649841E0,8.957253211E0
4.115817708E0,8.262817383E-1,2.521656189E0,7.900870056E0,8.334580919E0
4.125874708E0,1.359173584E-1,2.502645721E0,7.486980743E0,7.895352417E0
4.135932708E0,-3.757186890E-2,2.586920471E0,7.204518127E0,7.654975547E0
4.145989708E0,-1.583556976E0,2.909200287E0,7.389234009E0,8.097646463E0
4.156047708E0,-3.250490570E0,3.482358398E0,8.029752045E0,9.336456869E0
4.166104708E0,-3.845054169E0,3.478765869E0,9.212143250E0,1.057117954E1
4.176162708E0,-2.406695251E0,2.979254608E0,1.038046371E1,1.106445511E1
4.186219708E0,-6.930587769E-1,2.697390747E0,1.121333176E1,1.155400608E1
4.196276708E0,-2.433938599E-1,2.614313507E0,1.170715485E1,1.199797276E1
4.206334708E0,-8.038284302E-1,2.166744232E0,1.159668457E1,1.182472045E1
4.216391708E0,-1.568737793E0,1.354832611E0,1.068702621E1,1.088618569E1
4.226449708E0,-2.484832764E0,3.839515686E-1,9.744586029E0,1.006373537E1
4.236506708E0,-3.489842834E0,-3.742218018E-2,9.277407532E0,9.912148805E0
4.246564708E0,-4.048181763E0,5.023553467E-1,9.224717102E0,1.008640382E1
4.256621708E0,-3.491938477E0,1.329086151E0,9.482780457E0,1.019231227E1
4.266679708E0,-2.087858276E0,2.171534271E0,9.794731750E0,1.024751108E1
4.276736708E0,-9.488768005E-1,2.999911652E0,9.918224945E0,1.040533628E1
4.286794708E0,-8.008346558E-1,3.549568634E0,9.692644043E0,1.035316967E1
4.296851708E0,-1.137933655E0,3.664679260E0,9.263486481E0,1.002681150E1
4.306909708E0,-1.620829468E0,3.453767853E0,9.167536011E0,9.929718881E0
4.316966708E0,-2.406545563E0,2.952909393E0,9.794132996E0,1.050886181E1
4.327023708E0,-2.855162659E0,2.274071045E0,1.016416351E1,1.079970244E1
4.337081708E0,-2.409389648E0,1.706601105E0,1.005623795E1,1.048072361E1
4.347138708E0,-1.876048737E0,1.432820435E0,9.839788055E0,1.011899018E1
4.357196708E0,-1.503174133E0,1.540746002E0,9.849517822E0,1.008198552E1
4.367253708E0,-1.460961914E0,1.762734375E0,9.991123352E0,1.025008234E1
4.377311708E0,-1.305435333E0,1.915117493E0,9.657018127E0,9.931255486E0
4.387368708E0,-7.720944214E-1,2.011517029E0,8.890911255E0,9.148258495E0
4.397426708E0,-1.065634003E0,1.901944885E0,8.302634583E0,8.584096411E0
4.407483708E0,-1.305135956E0,2.085014191E0,8.059989166E0,8.426985784E0
4.417541708E0,-1.647474060E0,2.393223267E0,8.517587585E0,8.999499245E0
4.427598708E0,-2.117197266E0,2.139500885E0,8.988957367E0,9.479522290E0
4.437656708E0,-2.607278137E0,1.291514282E0,8.910969543E0,9.373968564E0
4.447713708E0,-3.265160065E0,5.905220032E-1,8.540190582E0,9.162141762E0
4.457770708E0,-3.514541473E0,4.273612976E-1,8.110583954E0,8.849644711E0
4.467828708E0,-3.298989716E0,6.474037170E-1,7.864944763E0,8.553351439E0
4.477886083E0,-3.043171692E0,1.126557312E0,8.143216095E0,8.765956519E0
4.487944083E0,-2.465373230E0,1.707349548E0,8.563841400E0,9.073725099E0
4.498001083E0,-1.973945160E0,2.133663025E0,8.850644989E0,9.315733687E0
4.508059083E0,-2.058219910E0,2.119143219E0,8.988208923E0,9.461233367E0
4.518116083E0,-2.286495209E0,1.664837952E0,8.853189697E0,9.294014932E0
4.528174083E0,-2.472408600E0,9.572593689E-1,8.514743500E0,8.917959781E0
4.538231083E0,-2.467319183E0,3.213816833E-1,8.150850220E0,8.522165772E0
4.548289083E0,-1.980980530E0,4.894821167E-2,7.890990601E0,8.135994865E0
4.558346083E0,-1.469494171E0,1.133143616E-1,7.810458069E0,7.948302241E0
4.568404083E0,-1.574575653E0,4.216731262E-1,8.037236481E0,8.200869890E0
4.578461083E0,-2.325114899E0,7.616162109E-1,8.611292725E0,8.952127174E0
4.588518083E0,-2.929557953E0,1.011147308E0,9.184450836E0,9.693238150E0
4.598576083E0,-2.985840912E0,1.054257660E0,9.528285828E0,1.004066412E1
4.608633083E0,-2.876119080E0,8.622070313E-1,9.647288361E0,1.010374360E1
4.618691083E0,-2.446213074E0,6.099815369E-1,9.448651428E0,9.779215188E0
4.628748083E0,-1.749561768E0,3.471281433E-1,8.969348145E0,9.144980616E0
4.638806083E0,-9.810598755E-1,1.821711731E-1,8.310568085E0,8.370257266E0
4.648863083E0,-2.468367004E-1,1.793270874E-1,7.647746429E0,7.653829892E0
4.658921083E0,1.609153748E-1,2.501298523E-1,7.028184814E0,7.034475139E0
4.668978083E0,5.014572144E-2,2.893482971E-1,6.599925385E0,6.606455336E0
4.679036083E0,-3.008743286E-1,3.390449524E-1,6.650370483E0,6.665801108E0
4.689093083E0,-7.780819702E-1,2.603086853E-1,7.128476257E0,7.175538023E0
4.699151083E0,-1.205293579E0,1.511856079E-2,7.692203979E0,7.786074958E0
4.709208083E0,-8.890013123E-1,-7.417076111E-1,7.778873749E0,7.864561673E0
4.719266083E0,-9.327104187E-1,-6.216572571E-1,7.407945099E0,7.492266483E0
4.729323083E0,-1.352886658E0,1.886077881E-2,7.402256927E0,7.524896389E0
4.739380083E0,-1.185834045E0,8.277786255E-2,7.626041565E0,7.718132190E0
4.749438083E0,-6.743476868E-1,-3.415896606E-1,7.604935455E0,7.642412680E0
4.759495083E0,-1.758842468E-1,-7.692503357E-1,7.839946747E0,7.879558766E0
4.769553083E0,4.498146057E-1,-5.568420410E-1,7.411088562E0,7.445578548E0
4.779610083E0,7.213499451E-1,5.703140259E-2,7.093149719E0,7.129962922E0
4.789668083E0,7.011419678E-1,7.018904114E-1,7.396269379E0,7.462509694E0
4.799725083E0,6.333329773E-1,1.238674164E0,7.676636353E0,7.801677386E0
4.809783083E0,2.877017212E-1,1.496438141E0,7.830666046E0,7.977557904E0
4.819840083E0,6.092330933E-2,1.411414948E0,7.617509308E0,7.747402911E0
4.829898083E0,1.591191101E-1,1.018332367E0,7.084318085E0,7.158902320E0
4.839955083E0,3.016227722E-1,6.179150391E-1,6.591093750E0,6.626862916E0
4.850012083E0,2.456391907E-1,4.837939453E-1,6.490053864E0,6.512694860E0
4.860070083E0,5.763015747E-2,5.813909912E-1,6.710245972E0,6.735631947E0
4.870127083E0,-1.493893433E-1,6.399192810E-1,7.128326569E0,7.158551078E0
4.880185083E0,-7.634124756E-3,7.985893250E-1,7.597750397E0,7.639608254E0
4.890242083E0,3.067121887E-1,1.083147583E0,8.039032745E0,8.117470575E0
4.900300083E0,4.156855774E-1,1.225052490E0,8.210875397E0,8.312161144E0
4.910357083E0,2.815644836E-1,1.485660553E0,7.726333008E0,7.872908458E0
4.920415083E0,-2.195933533E-1,1.701362000E0,7.066804504E0,7.272040965E0
4.930472083E0,-5.674699402E-1,2.132914581E0,6.216273193E0,6.596468689E0
4.940530083E0,-7.460485840E-1,2.690804443E0,5.698050842E0,6.345455101E0
4.950587083E0,-7.568261719E-1,2.944227448E0,6.149212646E0,6.859597458E0
4.960645083E0,2.059716797E-1,2.440973969E0,7.736511841E0,8.115072009E0
4.970702083E0,1.576521606E0,1.992207184E0,8.761879578E0,9.122765128E0
4.980759083E0,1.522184601E0,2.283651123E0,8.345445557E0,8.785133462E0
4.990817083E0,-1.567240906E-1,2.980452118E0,7.979007568E0,8.518932976E0
5.000874083E0,-1.311871948E0,3.611240387E0,7.427105255E0,8.362054629E0
5.010932083E0,-1.906435547E0,3.620670776E0,7.072792053E0,8.171177442E0
5.020989083E0,-1.751058655E0,2.713706818E0,6.786287842E0,7.515591379E0
5.031047083E0,-1.698517914E0,1.291214905E0,7.504644012E0,7.802043373E0
5.041104083E0,-2.146087189E0,1.583706665E0,8.433911591E0,8.845602396E0
5.051162083E0,-1.880240021E0,3.355871429E0,8.784931641E0,9.590213737E0
5.061219083E0,-1.099912720E0,4.671186218E0,9.417665863E0,1.056987318E1
5.071277083E0,-4.108955383E-1,4.489613800E0,1.042596909E1,1.135897436E1
5.081334083E0,-4.339476013E-1,3.603905640E0,1.083222427E1,1.142425180E1
5.091392083E0,-9.153465271E-1,2.991080017E0,9.815239105E0,1.030161820E1
5.101449083E0,-1.310524750E0,2.920726318E0,8.312514038E0,8.907637564E0
5.111506083E0,-1.657203827E0,3.322490845E0,7.789950714E0,8.629519226E0
5.121564083E0,-1.971699829E0,3.582649841E0,7.865543518E0,8.865086290E0
5.131621083E0,-2.240989838E0,3.426973572E0,8.053552551E0,9.034704866E0
5.141679083E0,-2.204465790E0,3.368744659E0,8.546776886E0,9.447513172E0
5.151736083E0,-2.150278473E0,3.489842834E0,9.090596008E0,9.972042735E0
5.161794083E0,-2.239043884E0,3.573818207E0,9.343719635E0,1.025137019E1
5.171851083E0,-2.283651123E0,3.673361206E0,9.301058350E0,1.025759872E1
5.181909083E0,-2.307152252E0,3.725153503E0,8.916807404E0,9.935249087E0
5.191966083E0,-2.328557739E0,3.773802338E0,8.363108826E0,9.466010483E0
5.202024083E0,-2.211950226E0,3.806733856E0,7.769892426E0,8.930575276E0
5.212081083E0,-2.374212799E0,3.997137909E0,7.289391632E0,8.645763601E0
5.222138083E0,-2.594554596E0,4.161346436E0,6.912475433E0,8.475307329E0
5.232196083E0,-2.802172852E0,4.102369080E0,6.794820099E0,8.417314591E0
5.242253083E0,-2.967129822E0,3.929478607E0,6.964267731E0,8.529108191E0
5.252311083E0,-2.959346008E0,3.791016541E0,7.372618561E0,8.802558699E0
5.262368083E0,-2.796334991E0,3.707041168E0,7.847580872E0,9.118452124E0
5.272426083E0,-2.538571014E0,3.621718597E0,8.306227112E0,9.410345224E0
5.282483083E0,-2.384541321E0,3.517984314E0,8.538094940E0,9.537364214E0
5.292541083E0,-2.232756958E0,3.434158630E0,8.526269531E0,9.459171277E0
5.302598083E0,-2.195933533E0,3.394940186E0,8.373287659E0,9.298370242E0
5.312656083E0,-2.476001129E0,3.415148163E0,8.183632050E0,9.206826385E0
5.322713083E0,-2.824326782E0,3.503165131E0,7.944429474E0,9.130331175E0
5.332771083E0,-3.069367218E0,3.643872528E0,7.798183594E0,9.138407382E0
5.342828083E0,-3.259322205E0,3.696712646E0,7.801476746E0,9.227778987E0
5.352885083E0,-3.262765045E0,3.727548523E0,7.831115112E0,9.266424210E0
5.362943083E0,-3.109334106E0,3.891607361E0,8.007149048E0,9.430111469E0
5.373000083E0,-2.811603241E0,3.943549347E0,8.199648743E0,9.523178762E0
5.383058083E0,-2.354603577E0,3.899391174E0,8.427025909E0,9.579361942E0
5.393115083E0,-2.112107849E0,3.964505768E0,8.447682953E0,9.567740215E0
5.403173083E0,-2.062860260E0,4.175417175E0,8.043373718E0,9.294372588E0
5.413230083E0,-2.147284698E0,4.417912903E0,7.470065918E0,8.940395451E0
5.423288083E0,-2.435884552E0,4.518204346E0,6.937922516E0,8.630322873E0
5.433345083E0,-2.575244751E0,4.579127655E0,6.407575378E0,8.285971146E0
5.443403083E0,-2.653831329E0,4.714595947E0,5.041815491E0,7.395278163E0
5.453460083E0,-2.722837830E0,4.970713348E0,5.279521179E0,7.745655616E0
5.463518083E0,-2.684517517E0,4.957840118E0,6.430627441E0,8.552179969E0
5.473575083E0,-2.534828796E0,4.973108368E0,6.849905548E0,8.836196573E0
5.483631208E0,-2.592758331E0,4.934189301E0,7.490573273E0,9.336878910E0
5.493689208E0,-2.919828186E0,4.673132172E0,8.354576569E0,1.000812223E1
5.503746208E0,-3.222049713E0,4.605323181E0,8.759484558E0,1.040764986E1
5.513804208E0,-3.239712982E0,4.783452759E0,8.799301758E0,1.052638931E1
5.523861208E0,-3.047961731E0,4.761598206E0,8.456813965E0,1.017254101E1
5.533919208E0,-3.123255157E0,4.930147705E0,7.763904877E0,9.712841917E0