"Time (s)","Pressure (hPa)"
5.887026000E-2,9.978191528E2
9.889098900E-2,9.978109131E2
1.388603640E-1,9.978296509E2
1.789000510E-1,9.978194580E2
2.188965100E-1,9.977797852E2
2.588969260E-1,9.977725830E2
2.988721350E-1,9.977949219E2
3.388903640E-1,9.977844849E2
3.788716140E-1,9.977746582E2
4.188885930E-1,9.977547607E2
4.588590100E-1,9.977401123E2
4.989010930E-1,9.977340088E2
5.388914580E-1,9.977107544E2
5.788933850E-1,9.977791748E2
6.188889050E-1,9.977830811E2
6.588864050E-1,9.977830811E2
6.988891140E-1,9.977905884E2
7.388914580E-1,9.977918091E2
7.788966140E-1,9.977669678E2
8.188682800E-1,9.977833862E2
8.588881240E-1,9.977877808E2
8.988922910E-1,9.977965088E2
9.388950510E-1,9.977871094E2
9.788583850E-1,9.977861938E2
1.018907760E0,9.977800903E2
1.058890051E0,9.977886963E2
1.098862968E0,9.977780762E2
1.138888697E0,9.977879028E2
1.178878801E0,9.977874756E2
1.218910051E0,9.977821045E2
1.258888958E0,9.977854004E2
1.298856926E0,9.977827759E2
1.338895885E0,9.977850952E2
1.378888593E0,9.977714844E2
1.418902864E0,9.977833862E2
1.458887447E0,9.977927856E2
1.498883280E0,9.977955933E2
1.538894374E0,9.977908936E2
1.578894322E0,9.977946167E2
1.618922551E0,9.978109131E2
1.658894635E0,9.977725830E2
1.698934374E0,9.977896118E2
1.738868280E0,9.977781982E2
1.778897447E0,9.977811890E2
1.818889843E0,9.977786865E2
1.858891093E0,9.977828979E2
1.898887655E0,9.977783813E2
1.938888801E0,9.977744751E2
1.978890624E0,9.977757568E2
2.018905572E0,9.977799683E2
2.058892864E0,9.977735596E2
2.098895989E0,9.977869873E2
2.138900155E0,9.977841797E2
2.178890676E0,9.977933960E2
2.218890260E0,9.977880859E2
2.258893072E0,9.978149414E2
2.298889843E0,9.978026123E2
2.338889843E0,9.978020020E2
2.378901301E0,9.977940063E2
2.418884843E0,9.977890015E2
2.458891718E0,9.977971191E2
2.498882239E0,9.977817993E2
2.538893697E0,9.978040161E2
2.578891874E0,9.978052368E2
2.618910624E0,9.977933960E2
2.658879791E0,9.977849731E2
2.698911197E0,9.977955933E2
2.738892135E0,9.977879028E2
2.778892447E0,9.977861938E2
2.818891458E0,9.977933960E2
2.858888072E0,9.978045044E2
2.898894010E0,9.978082275E2
2.938896197E0,9.977899170E2
2.978889114E0,9.978074341E2
3.018886093E0,9.977952881E2
3.058883385E0,9.977938232E2
3.098896197E0,9.978002319E2
3.138891926E0,9.977952881E2
3.178884114E0,9.977973022E2
3.218892760E0,9.978023071E2
3.258867239E0,9.977974243E2
3.298890364E0,9.978021240E2
3.338888697E0,9.978102417E2
3.378892708E0,9.978004150E2
3.418891614E0,9.977880859E2
3.458893176E0,9.978051147E2
3.498886718E0,9.978068237E2
3.538896718E0,9.978101196E2
3.578905468E0,9.977863770E2
3.618916041E0,9.977941895E2
3.658893072E0,9.977911987E2
3.698889530E0,9.977943115E2
3.738893801E0,9.978016357E2
3.778892968E0,9.977996216E2
3.818889530E0,9.978027344E2
3.858903280E0,9.977888794E2
3.898905364E0,9.978068237E2
3.938906197E0,9.978051147E2
3.978911874E0,9.977974243E2
4.018888593E0,9.978076172E2
4.058897551E0,9.978240356E2
4.098893905E0,9.978466797E2
4.138889635E0,9.978316650E2
4.178894010E0,9.978285522E2
4.218863958E0,9.977955933E2
4.258886405E0,9.977971191E2
4.298896458E0,9.977958984E2
4.338891614E0,9.977999268E2
4.378892968E0,9.977980957E2
4.418892291E0,9.978016357E2
4.458889218E0,9.977965088E2
4.498894010E0,9.977990112E2
4.538897239E0,9.978071289E2
4.578886301E0,9.978005981E2
4.618916718E0,9.977996216E2
4.658884374E0,9.978116455E2
4.698889843E0,9.978126221E2
4.738892030E0,9.978038330E2
4.778889374E0,9.978168335E2
4.818871458E0,9.978063354E2
4.858886718E0,9.978093262E2
4.898887760E0,9.978013306E2
4.938893593E0,9.978045044E2
4.978897447E0,9.978129272E2
5.018898072E0,9.978277588E2
5.058886614E0,9.978168335E2
5.098888489E0,9.978226318E2
5.138889218E0,9.978288574E2
5.178865989E0,9.978254395E2
5.218868385E0,9.978104248E2
5.258868072E0,9.978199463E2
5.298866510E0,9.978001099E2
5.338867239E0,9.978216553E2
5.378867291E0,9.978112183E2
5.418873176E0,9.978073120E2
5.458876874E0,9.978077393E2
5.498883593E0,9.978099365E2
5.538870676E0,9.978183594E2
5.578875676E0,9.978110352E2
5.618873958E0,9.978185425E2
5.658866093E0,9.978286743E2
5.698869843E0,9.978358765E2
5.738873176E0,9.978286743E2
5.778882135E0,9.978109131E2
5.818875260E0,9.978032227E2
5.858871301E0,9.978116455E2
5.898874114E0,9.978077393E2
5.938870260E0,9.977864990E2
5.978872864E0,9.978168335E2
6.018875989E0,9.978213501E2
6.058872343E0,9.978252563E2
6.098866197E0,9.978261719E2
6.138868385E0,9.978460693E2
6.178865364E0,9.978436890E2
6.218867551E0,9.978357544E2
6.258873905E0,9.978474731E2
6.298877135E0,9.978496094E2
6.338865780E0,9.978227539E2
6.378875676E0,9.978132324E2
6.418875885E0,9.978308716E2
6.458875468E0,9.978299561E2
6.498866197E0,9.978099365E2
6.538869530E0,9.978361816E2
6.578867760E0,9.978386841E2
6.618871718E0,9.978427734E2
6.658872864E0,9.978396606E2
6.698878697E0,9.978497925E2
6.738865364E0,9.978529053E2
6.778882030E0,9.978324585E2
6.818877135E0,9.978216553E2
6.858870051E0,9.978261719E2
6.898881510E0,9.978374634E2
6.938873489E0,9.978233643E2
6.978874010E0,9.978344727E2
7.018871614E0,9.978310547E2
7.058865885E0,9.978360596E2
7.098867760E0,9.978328857E2
7.138866093E0,9.978566895E2
7.178871926E0,9.978596191E2
7.218874947E0,9.978441772E2
7.258873801E0,9.978630981E2
7.298868905E0,9.978522949E2
7.338872551E0,9.978594971E2
7.378872968E0,9.978416748E2
7.418872760E0,9.978394775E2
7.458874114E0,9.978311768E2
7.498869322E0,9.978382568E2
7.538870780E0,9.978416748E2
7.578864114E0,9.978335571E2
7.618868541E0,9.978218384E2
7.658867030E0,9.978516846E2
7.698881510E0,9.978674316E2
7.738868176E0,9.978572998E2
7.778873489E0,9.978519897E2
7.818871614E0,9.978563232E2
7.858871926E0,9.978377686E2
7.898875155E0,9.978291626E2
7.938877708E0,9.978244629E2
7.978865989E0,9.978461914E2
8.018867864E0,9.978494873E2
8.058864947E0,9.978438721E2
8.098864791E0,9.978624268E2
8.138870885E0,9.978444824E2
8.178867760E0,9.978333740E2
8.218878176E0,9.978385620E2
8.258867551E0,9.978446045E2
8.298870676E0,9.978563232E2
8.338873489E0,9.978441772E2
8.378866874E0,9.978425903E2
8.418877655E0,9.978336792E2
8.458863593E0,9.978463745E2
8.498865155E0,9.978294678E2
8.538865260E0,9.978321533E2
8.578864530E0,9.978428955E2
8.618876510E0,9.978391724E2
8.658873385E0,9.978358765E2
8.698876874E0,9.978396606E2
8.738874114E0,9.978513794E2
8.778874322E0,9.978497925E2
8.818869635E0,9.978413696E2
8.858866301E0,9.978444824E2
8.898868541E0,9.978319702E2
8.938863593E0,9.978350830E2
8.978865468E0,9.978297729E2
9.018868905E0,9.978341675E2
9.058867551E0,9.978364868E2
9.098870780E0,9.978530884E2
9.138872968E0,9.978435669E2
9.178867760E0,9.978455811E2
9.218876926E0,9.978538818E2
9.258875051E0,9.978610229E2
9.298871510E0,9.978488770E2
9.338874635E0,9.978406982E2
9.378863905E0,9.978422852E2
9.418864374E0,9.978416748E2
9.458868593E0,9.978422852E2
9.498870989E0,9.978530884E2
9.538874218E0,9.978430786E2
9.578873176E0,9.978430786E2
9.618877291E0,9.978382568E2
9.658873280E0,9.978371582E2
9.698870624E0,9.978402710E2
9.738865624E0,9.978562012E2
9.778867760E0,9.978624268E2
9.818874114E0,9.978449707E2
9.858867760E0,9.978482056E2
9.898865468E0,9.978533936E2
9.938868176E0,9.978504028E2
9.978865468E0,9.978491821E2
1.001887328E1,9.978507080E2
1.005887396E1,9.978488770E2
1.009887411E1,9.978471069E2
1.013887297E1,9.978444824E2
1.017888245E1,9.978519897E2
1.021887401E1,9.978486938E2
1.025887203E1,9.978518066E2
1.029886870E1,9.978521118E2
1.033886901E1,9.978726196E2
1.037886984E1,9.978626099E2
1.041886641E1,9.978563232E2
1.045886380E1,9.978533936E2
1.049887547E1,9.978593140E2
1.053887687E1,9.978555908E2
1.057886687E1,9.978336792E2
1.061887557E1,9.978532104E2
1.065887120E1,9.978360596E2
1.069887391E1,9.978435669E2
1.073887568E1,9.978532104E2
1.077887255E1,9.978607178E2
1.081886620E1,9.978657227E2
1.085886745E1,9.978723145E2
1.089886609E1,9.978439941E2
1.093887245E1,9.978335571E2
1.097887755E1,9.978535156E2
1.101886521E1,9.978408813E2
1.105887396E1,9.978436890E2
1.109887109E1,9.978461914E2
1.113887922E1,9.978529053E2
1.117887687E1,9.978521118E2
1.121887214E1,9.978571167E2
1.125887516E1,9.978518066E2
1.129887307E1,9.978544922E2
1.133886786E1,9.978583984E2
1.137886484E1,9.978598022E2
1.141887104E1,9.978485107E2
1.145887026E1,9.978536987E2
1.149887266E1,9.978405762E2
1.153887338E1,9.978471069E2
1.157887318E1,9.978513794E2
1.161887104E1,9.978460693E2
1.165886568E1,9.978594971E2
1.169886661E1,9.978477783E2
1.173886380E1,9.978618164E2
1.177887057E1,9.978568115E2
1.181886526E1,9.978713379E2
1.185886547E1,9.978695068E2
1.189887349E1,9.978635254E2
1.193887151E1,9.978482056E2
1.197887245E1,9.978469849E2
1.201887047E1,9.978729248E2
1.205886703E1,9.978727417E2
1.209887380E1,9.978588257E2
1.213887745E1,9.978527832E2
1.217887234E1,9.978684082E2
1.221886620E1,9.978779297E2
1.225887276E1,9.978565063E2
1.229886901E1,9.978574219E2
1.233886922E1,9.978779297E2
1.237887630E1,9.978819580E2
1.241886443E1,9.978713379E2
1.245887109E1,9.978640137E2
1.249886588E1,9.978605957E2
1.253887578E1,9.978740234E2
1.257886609E1,9.978475952E2
1.261887182E1,9.978618164E2
1.265886536E1,9.978566895E2
1.269886776E1,9.978833618E2
1.273886880E1,9.978816528E2
1.277886797E1,9.978605957E2
1.281886672E1,9.978665161E2
1.285887130E1,9.978596191E2
1.289887943E1,9.978627319E2
1.293886562E1,9.978783569E2
1.297887516E1,9.978670044E2
1.301887068E1,9.978668213E2
1.305887755E1,9.978496094E2
1.309887495E1,9.978716431E2
1.313886771E1,9.978491821E2
1.317887276E1,9.978533936E2
1.321886651E1,9.978724365E2
1.325886797E1,9.978732300E2
1.329887099E1,9.978807373E2
1.333887682E1,9.978902588E2
1.337887370E1,9.978996582E2
1.341886839E1,9.978858643E2
1.345886922E1,9.978657227E2
1.349886453E1,9.978455811E2
1.353888214E1,9.978657227E2
1.357887286E1,9.978433838E2
1.361887396E1,9.978496094E2
1.365886974E1,9.978446045E2
1.369886146E1,9.978654175E2
1.373886729E1,9.978688354E2
1.377887089E1,9.978680420E2
1.381887745E1,9.978670044E2
1.385887453E1,9.978682251E2
1.389887307E1,9.978907471E2
1.393887443E1,9.978712158E2
1.397887224E1,9.978580933E2
1.401888255E1,9.978587036E2
1.405887464E1,9.978687134E2
1.409886953E1,9.978618164E2
1.413887609E1,9.978604126E2
1.417886880E1,9.978718262E2
1.421886911E1,9.978618164E2
1.425887349E1,9.978576050E2
1.429886620E1,9.978818359E2
1.433887693E1,9.978684082E2
1.437886755E1,9.978844604E2
1.441886771E1,9.978666382E2
1.445887224E1,9.978783569E2
1.449886922E1,9.978707275E2
1.453888484E1,9.978688354E2
1.457886714E1,9.978638306E2
1.461887047E1,9.978583984E2
1.465886318E1,9.978576050E2
1.469886937E1,9.978613281E2
1.473887229E1,9.978536987E2
1.477888161E1,9.978422852E2
1.481886734E1,9.978626099E2
1.485887589E1,9.978760376E2
1.489887745E1,9.978687134E2
1.493887578E1,9.978671265E2
1.497887807E1,9.978612061E2
1.501887203E1,9.978583984E2
1.505887068E1,9.978442993E2
1.509886661E1,9.978555908E2
1.513886703E1,9.978676147E2
1.517886932E1,9.978515015E2
1.521887396E1,9.978657227E2
1.525886797E1,9.978613281E2
1.529887547E1,9.978607178E2
1.533888422E1,9.978571167E2
1.537887005E1,9.978656006E2
1.541886734E1,9.978555908E2
1.545886568E1,9.978588257E2
1.549889203E1,9.978710327E2
1.553889422E1,9.978646240E2
1.557889651E1,9.978563232E2
1.561889359E1,9.978729248E2
1.565889245E1,9.978662109E2
1.569888776E1,9.978609009E2
1.573887349E1,9.978469849E2
1.577888911E1,9.978618164E2
1.581890432E1,9.978626099E2
1.585888890E1,9.978674316E2
1.589890026E1,9.978601074E2
1.593890130E1,9.978740234E2
1.597889974E1,9.978643188E2
1.601889146E1,9.978769531E2
1.605889328E1,9.978554077E2
1.609889411E1,9.978701172E2
1.613889286E1,9.978656006E2
1.617887401E1,9.978721313E2
1.621887422E1,9.978629150E2
1.625888062E1,9.978751221E2
1.629887932E1,9.978690186E2
1.633887526E1,9.978760376E2
1.637888370E1,9.978836670E2
1.641887354E1,9.978765259E2
1.645887547E1,9.978829346E2
1.649886786E1,9.978605957E2
1.653887036E1,9.978691406E2
1.657886870E1,9.978662109E2
1.661886703E1,9.978621216E2
1.665887786E1,9.978629150E2
1.669888057E1,9.978626099E2
1.673887562E1,9.978624268E2
1.677887318E1,9.978695068E2
1.681887547E1,9.978749390E2
1.685887516E1,9.978810425E2
1.689887229E1,9.978841553E2
1.693887526E1,9.978826294E2
1.697886859E1,9.978746338E2
1.701886911E1,9.978829346E2
1.705885734E1,9.978666382E2
1.709888151E1,9.978788452E2
1.713887703E1,9.978652344E2
1.717888187E1,9.978676147E2
1.721886682E1,9.978760376E2
1.725886729E1,9.978794556E2
1.729888312E1,9.978843384E2
1.733887729E1,9.978896484E2
1.737887505E1,9.978882446E2
1.741886786E1,9.978855591E2
1.745886937E1,9.978737183E2
1.749886703E1,9.978960571E2
1.753886693E1,9.978656006E2
1.757885672E1,9.978666382E2
1.761887443E1,9.978788452E2
1.765886312E1,9.978529053E2
1.769887224E1,9.978593140E2
1.773888005E1,9.978651123E2
1.777888203E1,9.978634033E2
1.781887193E1,9.978690186E2
1.785886755E1,9.978727417E2
1.789887099E1,9.978788452E2
1.793886672E1,9.978698120E2
1.797886828E1,9.978701172E2
1.801886620E1,9.978732300E2
1.805887922E1,9.978662109E2
1.809887536E1,9.978648071E2
1.813887203E1,9.978665161E2
1.817887089E1,9.978643188E2
1.821887880E1,9.978702393E2
1.825887890E1,9.978713379E2
1.829887443E1,9.978645020E2
1.833887693E1,9.978822632E2
1.837886953E1,9.978609009E2
1.841885776E1,9.978857422E2
1.845887411E1,9.978810425E2
1.849886974E1,9.978793335E2
1.853888021E1,9.978735352E2
1.857886911E1,9.978607178E2
1.861887172E1,9.978541870E2
1.865886838E1,9.978530884E2
1.869887297E1,9.978630981E2
1.873885620E1,9.978602295E2
1.877887839E1,9.978613281E2
1.881886984E1,9.978677368E2
1.885886979E1,9.978540039E2
1.889887286E1,9.978607178E2
1.893886828E1,9.978557129E2
1.897888271E1,9.978544922E2
1.901887609E1,9.978626099E2
1.905887687E1,9.978604126E2
1.909888078E1,9.978721313E2
1.913887099E1,9.978657227E2
1.917887203E1,9.978768311E2
1.921887370E1,9.978771362E2
1.925888214E1,9.978677368E2
1.929886359E1,9.978630981E2
1.933887120E1,9.978604126E2
1.937887140E1,9.978793335E2
1.941886859E1,9.978656006E2
1.945887661E1,9.978718262E2
1.949886729E1,9.978582153E2
1.953887380E1,9.978729248E2
1.957887161E1,9.978486938E2
1.961887130E1,9.978568115E2
1.965887604E1,9.978607178E2
1.969887088E1,9.978638306E2
1.973887979E1,9.978604126E2
1.977887318E1,9.978579102E2
1.981886901E1,9.978569946E2
1.985887026E1,9.978587036E2
1.989887328E1,9.978604126E2
1.993887984E1,9.978699341E2
1.997887536E1,9.978485107E2
2.001887588E1,9.978366699E2
2.005886964E1,9.978469849E2
2.009887401E1,9.978677368E2
2.013887245E1,9.978558960E2
2.017887370E1,9.978485107E2
2.021887286E1,9.978406982E2
2.025887005E1,9.978618164E2
2.029886932E1,9.978577881E2
2.033886484E1,9.978734131E2
2.037886599E1,9.978668213E2
2.041888151E1,9.978588257E2
2.045888016E1,9.978607178E2
2.049887786E1,9.978671265E2
2.053886943E1,9.978562012E2
2.057888182E1,9.978635254E2
2.061887021E1,9.978565063E2
2.065887547E1,9.978355713E2
2.069887609E1,9.978460693E2
2.073886443E1,9.978488770E2
2.077886953E1,9.978524170E2
2.081886755E1,9.978500977E2
2.085886588E1,9.978497925E2
2.089887193E1,9.978464966E2
2.093886828E1,9.978665161E2
2.097887245E1,9.978433838E2
2.101888396E1,9.978463745E2
2.105888338E1,9.978452759E2
2.109887901E1,9.978643188E2
2.113887380E1,9.978427734E2
2.117888005E1,9.978566895E2
2.121886588E1,9.978461914E2
2.125887193E1,9.978519897E2
2.129886568E1,9.978474731E2
2.133886943E1,9.978526001E2
2.137887609E1,9.978474731E2
2.141887693E1,9.978734131E2
2.145887172E1,9.978641357E2
2.149887245E1,9.978547974E2
2.153887703E1,9.978403931E2
2.157886922E1,9.978499756E2
2.161887245E1,9.978493042E2
2.165886911E1,9.978432007E2
2.169886651E1,9.978353882E2
2.173886911E1,9.978344727E2
2.177887401E1,9.978444824E2
2.181886588E1,9.978397827E2
2.185886588E1,9.978394775E2
2.189887589E1,9.978455811E2
2.193886495E1,9.978403931E2
2.197887786E1,9.978587036E2
2.201886755E1,9.978243408E2
2.205886380E1,9.978475952E2
2.209886672E1,9.978318481E2
2.213889401E1,9.978389893E2
2.217889297E1,9.978366699E2
2.221889609E1,9.978353882E2
2.225889203E1,9.978369751E2
2.229890818E1,9.978485107E2
2.233889828E1,9.978374634E2
2.237890354E1,9.978485107E2
2.241890120E1,9.978587036E2
2.245890354E1,9.978427734E2
2.249890609E1,9.978360596E2
2.253889672E1,9.978308716E2
2.257890630E1,9.978486938E2
2.261888286E1,9.978285522E2
2.265889255E1,9.978360596E2
2.269890714E1,9.978516846E2
2.273889005E1,9.978408813E2
2.277889078E1,9.978400879E2
2.281888979E1,9.978405762E2
2.285889505E1,9.978378906E2
2.289889380E1,9.978314819E2
2.293890859E1,9.978324585E2
2.297889380E1,9.978380737E2
2.301889797E1,9.978244629E2
2.305890630E1,9.978174438E2
2.309888979E1,9.978338623E2
2.313889297E1,9.978450928E2
2.317888859E1,9.978371582E2
2.321889047E1,9.978350830E2
2.325888828E1,9.978488770E2
2.329889453E1,9.978322754E2
2.333890911E1,9.978513794E2
2.337889479E1,9.978378906E2
2.341890714E1,9.978453979E2
2.345891078E1,9.978439941E2
2.349889755E1,9.978527832E2
2.353890464E1,9.978385620E2
2.357889354E1,9.978269653E2
2.361889151E1,9.978322754E2
2.365888266E1,9.978266602E2
2.369890828E1,9.978271484E2
2.373887349E1,9.978268433E2
2.377886901E1,9.978324585E2
2.381887005E1,9.978360596E2
2.385887120E1,9.978442993E2
2.389887271E1,9.978319702E2
2.393887104E1,9.978442993E2
2.397887036E1,9.978335571E2
2.401886771E1,9.978297729E2
2.405886734E1,9.978260498E2
2.409886937E1,9.978314819E2
2.413887479E1,9.978249512E2
2.417887255E1,9.978291626E2
2.421887734E1,9.978202515E2
2.425887505E1,9.978132324E2
2.429887745E1,9.978321533E2
2.433887432E1,9.978285522E2
2.437886797E1,9.978316650E2
2.441886464E1,9.978475952E2
2.445886984E1,9.978372803E2
2.449888255E1,9.978397827E2
2.453887036E1,9.978386841E2
2.457886568E1,9.978408813E2
2.461886901E1,9.978386841E2
2.465887995E1,9.978328857E2
2.469888104E1,9.978265381E2
2.473886578E1,9.978210449E2
2.477886880E1,9.978132324E2
2.481887630E1,9.978129272E2
2.485886630E1,9.978275757E2
2.489887568E1,9.978232422E2
2.493887839E1,9.978254395E2
2.497887047E1,9.978300781E2
2.501886672E1,9.978274536E2
2.505887172E1,9.978196411E2
2.509886401E1,9.978233643E2
2.513888286E1,9.978160400E2
2.517887729E1,9.978296509E2
2.521887349E1,9.978335571E2
2.525888078E1,9.978366699E2
2.529886687E1,9.978179321E2
2.533886964E1,9.978236694E2
2.537887786E1,9.978291626E2
2.541887068E1,9.978071289E2
2.545886880E1,9.978054199E2
2.549886901E1,9.978113403E2
2.553886714E1,9.978313599E2
2.557886687E1,9.978163452E2
2.561887422E1,9.978029175E2
2.565887693E1,9.978254395E2
2.569887401E1,9.978332520E2
2.573886703E1,9.978176270E2
2.577887234E1,9.978127441E2
2.581887401E1,9.978094482E2
2.585886609E1,9.978068237E2
2.589886859E1,9.978194580E2
2.593887036E1,9.978074341E2
2.597886932E1,9.978165283E2
2.601886568E1,9.978105469E2
2.605887120E1,9.978121338E2
2.609887604E1,9.978038330E2
2.613887005E1,9.978054199E2
2.617887078E1,9.978151245E2
2.621887286E1,9.978027344E2
2.625887943E1,9.978194580E2
2.629886943E1,9.978026123E2
2.633886870E1,9.978002319E2
2.637886974E1,9.978102417E2
2.641887193E1,9.978090210E2
2.645887109E1,9.978176270E2
2.649886578E1,9.978152466E2
2.653889474E1,9.978054199E2
2.657890016E1,9.978070068E2
2.661890937E1,9.978213501E2
2.665890464E1,9.978096313E2
2.669897318E1,9.978169556E2
2.673890203E1,9.978168335E2
2.677889771E1,9.978148193E2
2.681888896E1,9.978179321E2
2.685889911E1,9.977985229E2
2.689889276E1,9.977944946E2
2.693888911E1,9.977944946E2
2.697889245E1,9.978094482E2
2.701890557E1,9.978283691E2
2.705890880E1,9.978102417E2
2.709889359E1,9.977943115E2
2.713888693E1,9.978071289E2
2.717891005E1,9.978090210E2
2.721890901E1,9.978071289E2
2.725889484E1,9.978121338E2
2.729889495E1,9.978018188E2
2.733889714E1,9.978060303E2
2.737888922E1,9.978213501E2
2.741889276E1,9.978021240E2
2.745889266E1,9.978070068E2
2.749889193E1,9.978194580E2
2.753889620E1,9.978012085E2
2.757889703E1,9.978071289E2
2.761891078E1,9.978070068E2
2.765889766E1,9.977901001E2
2.769894474E1,9.978157349E2
2.773889016E1,9.977918091E2
2.777889640E1,9.978023071E2
2.781889161E1,9.978179321E2
2.785888714E1,9.978013306E2
2.789889255E1,9.978046265E2
2.793889146E1,9.978127441E2
2.797890130E1,9.978045044E2
2.801890318E1,9.978191528E2
2.805896437E1,9.977880859E2
2.809894036E1,9.978084106E2
2.813894604E1,9.978055420E2
2.817894953E1,9.977832031E2
2.821895172E1,9.977988281E2
2.825894974E1,9.978110352E2
2.829889703E1,9.977968140E2
2.833894234E1,9.977996216E2
2.837890370E1,9.977932129E2
2.841890229E1,9.977984009E2
2.845891589E1,9.978168335E2
2.849889088E1,9.978110352E2
2.853890901E1,9.978154297E2
2.857890870E1,9.978010254E2
2.861888630E1,9.977922974E2
2.865890078E1,9.977921143E2
2.869895807E1,9.977766724E2
2.873889312E1,9.977696533E2
2.877889724E1,9.977604370E2
2.881888880E1,9.977683716E2
2.885889604E1,9.977767944E2
2.889889479E1,9.978016357E2
2.893891047E1,9.977987061E2
2.897891443E1,9.978037109E2
2.901890354E1,9.978210449E2
2.905889245E1,9.978235474E2
2.909890620E1,9.978001099E2
2.913891312E1,9.977963257E2
2.917889453E1,9.977951050E2
2.921889120E1,9.977868042E2
2.925889484E1,9.977832031E2
2.929889828E1,9.977721558E2
2.933889479E1,9.978043213E2
2.937891140E1,9.977780762E2
2.941890828E1,9.977850952E2
2.945891859E1,9.977788696E2
2.949888797E1,9.977968140E2
2.953890641E1,9.977940063E2
2.957890286E1,9.978054199E2
2.961890391E1,9.977763672E2
2.965888474E1,9.977883911E2
2.969893745E1,9.977724609E2
2.973889104E1,9.977594604E2
2.977889474E1,9.977699585E2
2.981892547E1,9.977808838E2
2.985890516E1,9.977746582E2
2.989889943E1,9.977772827E2
2.993891411E1,9.977789917E2
2.997890755E1,9.977861938E2
3.001890807E1,9.977952881E2
3.005890870E1,9.977857056E2
3.009889693E1,9.977632446E2
3.013890255E1,9.977763672E2
3.017889995E1,9.977744751E2
3.021889036E1,9.977605591E2
3.025888880E1,9.977591553E2
3.029889568E1,9.977802734E2
3.033889411E1,9.977783813E2
3.037889578E1,9.977742920E2
3.041890411E1,9.977749634E2
3.045889588E1,9.977811890E2
3.049891422E1,9.977841797E2
3.053890880E1,9.977857056E2
3.057889839E1,9.977758789E2
3.061891474E1,9.977732544E2
3.065894286E1,9.977799683E2
3.069890338E1,9.977594604E2
3.073889078E1,9.977742920E2
3.077889588E1,9.977696533E2
3.081890755E1,9.977622681E2
3.085889901E1,9.977702637E2
3.089889026E1,9.977739868E2
3.093889432E1,9.977722778E2
3.097889812E1,9.977841797E2
3.101889880E1,9.977821045E2
3.105891359E1,9.977968140E2
3.109890526E1,9.977685547E2
3.113888964E1,9.977649536E2
3.117889693E1,9.977664795E2
3.121889589E1,9.977572632E2
3.125889974E1,9.977588501E2
3.129890505E1,9.977705688E2
3.133889120E1,9.977783813E2
3.137889474E1,9.977852783E2
3.141890604E1,9.977788696E2
3.145890672E1,9.977749634E2
3.149890140E1,9.977894897E2
3.153887464E1,9.977649536E2
3.157891130E1,9.977625732E2
3.161888271E1,9.977576294E2
3.165889604E1,9.977630615E2
3.169895109E1,9.977563477E2
3.173888641E1,9.977544556E2
3.177890036E1,9.977491455E2
3.181890641E1,9.977596436E2
3.185896693E1,9.977618408E2
3.189890390E1,9.977710571E2
3.193890984E1,9.977688599E2
3.197889661E1,9.977705688E2
3.201890016E1,9.977769775E2
3.205889151E1,9.977725830E2
3.209889474E1,9.977590332E2
3.213889390E1,9.977755737E2
3.217889640E1,9.977541504E2
3.221889609E1,9.977613525E2
3.225890391E1,9.977683716E2
3.229890266E1,9.977604370E2
3.233890562E1,9.977702637E2
3.237890797E1,9.977675781E2
3.241890859E1,9.977663574E2
3.245889453E1,9.977627563E2
3.249890786E1,9.977827759E2
3.253890099E1,9.977569580E2
3.257889630E1,9.977636719E2
3.261888714E1,9.977679443E2
3.265888943E1,9.977577515E2
3.269894714E1,9.977541504E2
3.273890271E1,9.977647705E2
3.277889953E1,9.977640381E2
3.281891536E1,9.977697754E2
3.285890380E1,9.977702637E2
3.289887703E1,9.977543335E2
3.293889901E1,9.977513428E2
3.297890109E1,9.977552490E2
3.301889443E1,9.977732544E2
3.305889068E1,9.977657471E2
3.309889276E1,9.977635498E2
3.313889818E1,9.977482300E2
3.317889297E1,9.977480469E2
3.321889359E1,9.977557373E2
3.325888609E1,9.977466431E2
3.329888818E1,9.977657471E2
3.333889203E1,9.977535400E2
3.337887161E1,9.977579346E2
3.341890276E1,9.977654419E2
3.345890953E1,9.977668457E2
3.349889161E1,9.977601318E2
3.353888453E1,9.977510376E2
3.357889755E1,9.977565308E2
3.361888526E1,9.977672729E2
3.365889776E1,9.977380981E2
3.369896245E1,9.977426147E2
3.373890255E1,9.977499390E2
3.377891484E1,9.977449341E2
3.381889693E1,9.977399292E2
3.385887182E1,9.977594604E2
3.389889443E1,9.977658691E2
3.393893120E1,9.977493286E2
3.397888953E1,9.977521362E2
3.401895229E1,9.977462158E2
3.405889266E1,9.977502441E2
3.409896464E1,9.977423096E2
3.413896146E1,9.977369995E2
3.417896630E1,9.977454224E2
3.421894062E1,9.977388306E2
3.425896672E1,9.977451172E2
3.429895568E1,9.977463379E2
3.433895370E1,9.977524414E2
3.437895839E1,9.977516479E2
3.441893812E1,9.977562256E2
3.445893818E1,9.977597656E2
3.449889812E1,9.977512207E2
3.453889630E1,9.977374268E2
3.457890604E1,9.977413330E2
3.461890005E1,9.977641602E2
3.465888651E1,9.977277832E2
3.469891453E1,9.977410278E2
3.473895062E1,9.977443237E2
3.477889786E1,9.977494507E2
3.481889880E1,9.977285156E2
3.485895734E1,9.977521362E2
3.489889411E1,9.977496338E2
3.493889682E1,9.977415161E2
3.497894859E1,9.977476196E2
3.501894078E1,9.977543335E2
3.505892984E1,9.977337036E2
3.509896318E1,9.977423096E2
3.513895526E1,9.977288818E2
3.517887307E1,9.977416382E2
3.521886854E1,9.977235107E2
3.525890328E1,9.977203979E2
3.529889682E1,9.977313232E2
3.533889734E1,9.977459106E2
3.537888870E1,9.977477417E2
3.541889453E1,9.977376099E2
3.545890286E1,9.977549438E2
3.549889276E1,9.977466431E2
3.553890193E1,9.977538452E2
3.557890464E1,9.977297974E2
3.561891047E1,9.977401123E2
3.565888338E1,9.977321167E2
3.569890297E1,9.977304077E2
3.573890536E1,9.977390137E2
3.577890401E1,9.977175903E2
3.581889672E1,9.977480469E2
3.585890297E1,9.977449341E2
3.589889661E1,9.977310181E2
3.593894016E1,9.977387085E2
3.597894536E1,9.977488403E2
3.601893672E1,9.977463379E2
3.605895646E1,9.977302856E2
3.609894172E1,9.977437134E2
3.613889464E1,9.977286987E2
3.617889104E1,9.977393188E2
3.621889604E1,9.977438354E2
3.625889234E1,9.977308960E2
3.629894401E1,9.977395020E2
3.633894276E1,9.977188721E2
3.637888682E1,9.977221069E2
3.641889776E1,9.977233887E2
3.645889286E1,9.977362061E2
3.649889338E1,9.977286987E2
3.653891078E1,9.977315063E2
3.657890536E1,9.977310181E2
3.661888995E1,9.977174683E2
3.665889776E1,9.977205811E2
3.669896854E1,9.977280884E2
3.673889443E1,9.977319946E2
3.677891021E1,9.977108765E2
3.681886995E1,9.977203979E2
3.685886953E1,9.977046509E2
3.689889630E1,9.977224731E2
3.693893588E1,9.977227783E2
3.697889089E1,9.977232056E2
3.701895630E1,9.977285156E2
3.705895078E1,9.977071533E2
3.709895422E1,9.977055664E2
3.713894437E1,9.977232056E2
3.717890849E1,9.977155762E2
3.721890021E1,9.977252808E2
3.725891172E1,9.977268066E2
3.729893703E1,9.977207031E2
3.733894943E1,9.977111816E2
3.737894464E1,9.977124634E2
3.741895661E1,9.977263794E2
3.745896214E1,9.977113647E2
3.749890078E1,9.977093506E2
3.753890693E1,9.977260132E2
3.757891422E1,9.977135620E2
3.761890109E1,9.977192993E2
3.765894964E1,9.977224731E2
3.769889974E1,9.976980591E2
3.773890271E1,9.977247925E2
3.777889687E1,9.977150879E2
3.781893432E1,9.977146606E2
3.785890151E1,9.977125854E2
3.789889328E1,9.977163696E2
3.793896078E1,9.977133789E2
3.797897286E1,9.977200928E2
3.801894505E1,9.977149658E2
3.805895776E1,9.977082520E2
3.809896745E1,9.977219849E2
3.813896266E1,9.977136841E2
3.817889839E1,9.977077637E2
3.821889651E1,9.977010498E2
3.825889724E1,9.977016602E2
3.829889547E1,9.977027588E2
3.833889437E1,9.977108765E2
3.837890786E1,9.976929321E2
3.841891130E1,9.977183838E2
3.845889234E1,9.977247925E2
3.849887870E1,9.977324219E2
3.853890401E1,9.977225952E2
3.857889193E1,9.976982422E2
3.861887026E1,9.977171631E2
3.865888953E1,9.977004395E2
3.869889286E1,9.977049561E2
3.873890234E1,9.976935425E2
3.877888776E1,9.976941528E2
3.881890182E1,9.977093506E2
3.885889422E1,9.977189941E2
3.889891422E1,9.977174683E2
3.893887495E1,9.977058716E2
3.897896870E1,9.977138672E2
3.901894974E1,9.977186890E2
3.905895901E1,9.977018433E2
3.909894203E1,9.977008667E2
3.913895359E1,9.977072754E2
3.917894547E1,9.976937256E2
3.921888953E1,9.977091675E2
3.925888953E1,9.977039795E2
3.929889870E1,9.977047729E2
3.933891432E1,9.977036743E2
3.937886984E1,9.977146606E2
3.941887026E1,9.977160645E2
3.945895547E1,9.977119751E2
3.949889443E1,9.977022705E2
3.953890838E1,9.977036743E2
3.957890495E1,9.977010498E2
3.961890443E1,9.977218018E2
3.965894859E1,9.976918335E2
3.969889401E1,9.976846313E2
3.973889755E1,9.976871338E2
3.977890359E1,9.976843262E2
3.981890297E1,9.977015381E2
3.985889630E1,9.977071533E2
3.989890036E1,9.977027588E2
3.993889557E1,9.977153931E2
3.997889745E1,9.977102661E2
4.001893495E1,9.977164917E2
4.005894396E1,9.977202759E2
4.009889359E1,9.976971436E2
4.013886797E1,9.977182007E2
4.017886922E1,9.977024536E2
4.021887068E1,9.976955566E2
4.025887943E1,9.976951294E2
4.029887411E1,9.977066650E2
4.033886901E1,9.976993408E2
4.037886839E1,9.977186890E2
4.041887172E1,9.977125854E2
4.045887672E1,9.977025757E2
4.049886599E1,9.977141724E2
4.053887443E1,9.977194824E2
4.057887104E1,9.976957397E2
4.061886979E1,9.976990356E2
4.065887089E1,9.977057495E2
4.069886505E1,9.976905518E2
4.073887255E1,9.976908569E2
4.077887224E1,9.977086792E2
4.081886776E1,9.976896362E2
4.085888089E1,9.976890259E2
4.089887370E1,9.977029419E2
4.093886953E1,9.976985474E2
4.097887786E1,9.977080688E2
4.101886943E1,9.977132568E2
4.105886547E1,9.977011719E2
4.109886755E1,9.976910400E2
4.113887245E1,9.977035522E2
4.117886890E1,9.977071533E2
4.121888255E1,9.976982422E2
4.125886901E1,9.976951294E2
4.129887854E1,9.976974487E2
4.133887484E1,9.977063599E2
4.137887297E1,9.977038574E2
4.141888229E1,9.977032471E2
4.145887349E1,9.977005615E2
4.149887505E1,9.977058716E2
4.153886422E1,9.976957397E2
4.157886734E1,9.976944580E2
4.161886937E1,9.977015381E2
4.165887016E1,9.976983643E2
4.169887521E1,9.976918335E2
4.173887089E1,9.976885376E2
4.177886984E1,9.976946411E2
4.181888276E1,9.977043457E2
4.185887854E1,9.976965332E2
4.189886495E1,9.977007446E2
4.193887672E1,9.977050781E2
4.197887151E1,9.977041626E2
4.201887109E1,9.977144775E2
4.205887130E1,9.976851196E2
4.209886812E1,9.976815186E2
4.213887422E1,9.976988525E2
4.217887922E1,9.976976318E2
4.221889568E1,9.976961670E2
4.225886838E1,9.976933594E2
4.229890234E1,9.977054443E2
4.233890286E1,9.976949463E2
4.237891276E1,9.977078857E2
4.241890078E1,9.977110596E2
4.245891026E1,9.977072754E2
4.249889370E1,9.976997681E2
4.253889604E1,9.976893311E2
4.257889859E1,9.976899414E2
4.261890943E1,9.977007446E2
4.265888854E1,9.976830444E2
4.269889620E1,9.976846313E2
4.273889099E1,9.976846313E2
4.277890745E1,9.976893311E2
4.281891495E1,9.976921387E2
4.285894812E1,9.977015381E2
4.289890651E1,9.977064819E2
4.293888568E1,9.977072754E2
4.297894161E1,9.976974487E2
4.301888828E1,9.976993408E2
4.305889734E1,9.976777344E2
4.309889380E1,9.976969604E2
4.313890922E1,9.976974487E2
4.317890880E1,9.976930542E2
4.321889818E1,9.976915283E2
4.325890062E1,9.976982422E2
4.329890297E1,9.977072754E2
4.333889479E1,9.976902466E2
4.337889812E1,9.976955566E2
4.341889734E1,9.977097778E2
4.345888682E1,9.977050781E2
4.349889234E1,9.977121582E2
4.353889464E1,9.976868286E2
4.357890609E1,9.976901245E2
4.361890891E1,9.976841431E2
4.365890349E1,9.976843262E2
4.369889661E1,9.976893311E2
4.373889422E1,9.976898193E2
4.377889880E1,9.977046509E2
4.381894255E1,9.977013550E2
4.385886234E1,9.976958618E2
4.389893203E1,9.976876221E2
4.393895089E1,9.976946411E2
4.397894526E1,9.976946411E2
4.401890203E1,9.976937256E2
4.405890068E1,9.976894531E2
4.409891187E1,9.977061768E2
4.413890953E1,9.976830444E2
4.417890589E1,9.976938477E2
4.421890547E1,9.976824341E2
4.425889203E1,9.976890259E2
4.429890047E1,9.976854248E2
4.433890307E1,9.976996460E2
4.437889651E1,9.977064819E2
4.441889047E1,9.977192993E2
4.445889516E1,9.977069702E2
4.449889693E1,9.976830444E2
4.453891026E1,9.977011719E2
4.457890151E1,9.976860352E2
4.461889359E1,9.976724243E2
4.465890547E1,9.976748047E2
4.469891766E1,9.976863403E2
4.473889922E1,9.976882324E2
4.477890568E1,9.976890259E2
4.481890401E1,9.976885376E2
4.485888943E1,9.976888428E2
4.489889922E1,9.976972656E2
4.493889578E1,9.976926270E2
4.497890203E1,9.976812134E2
4.501890130E1,9.976710205E2
4.505891432E1,9.976820068E2
4.509891005E1,9.976625977E2
4.513890339E1,9.976848145E2
4.517890640E1,9.976830444E2
4.521887349E1,9.976844482E2
4.525889922E1,9.976873169E2
4.529890099E1,9.976671143E2
4.533889484E1,9.976919556E2
4.537889578E1,9.976940308E2
4.541890016E1,9.976996460E2
4.545890130E1,9.976801147E2
4.549890953E1,9.976754150E2
4.553890609E1,9.976859131E2
4.557891130E1,9.976879272E2
4.561890338E1,9.976805420E2
4.565894214E1,9.976838379E2
4.569895818E1,9.976795044E2
4.573894828E1,9.976885376E2
4.577886776E1,9.976922607E2
4.581886505E1,9.976821289E2
4.585887245E1,9.976855469E2
4.589888859E1,9.976868286E2
4.593890943E1,9.976869507E2
4.597889370E1,9.976957397E2
4.601889505E1,9.976816406E2
4.605887016E1,9.976969604E2
4.609886984E1,9.976726074E2
4.613889547E1,9.976773071E2
4.617890974E1,9.976804199E2
4.621890411E1,9.976868286E2
4.625888693E1,9.976883545E2
4.629888693E1,9.976866455E2
4.633889214E1,9.976951294E2
4.637889245E1,9.976865234E2
4.641890187E1,9.976779175E2
4.645889839E1,9.977005615E2
4.649890120E1,9.976859131E2
4.653889974E1,9.976963501E2
4.657890193E1,9.976848145E2
4.661889396E1,9.976679077E2
4.665889182E1,9.976855469E2
4.669895797E1,9.976721191E2
4.673889339E1,9.976777344E2
4.677889661E1,9.976873169E2
4.681889453E1,9.976947632E2
4.685889161E1,9.976873169E2
4.689889443E1,9.976974487E2
4.693886245E1,9.976807251E2
4.697886630E1,9.976971436E2
4.701886479E1,9.976869507E2
4.705886495E1,9.976871338E2
4.709886896E1,9.976766357E2
4.713887088E1,9.976785278E2
4.717886609E1,9.976907349E2
4.721886588E1,9.976784058E2
4.725886672E1,9.976854248E2
4.729886422E1,9.976770020E2
4.733887016E1,9.977025757E2
4.737886453E1,9.976924438E2
4.741886578E1,9.976990356E2
4.745889630E1,9.976776123E2
4.749889104E1,9.976696167E2
4.753889755E1,9.976815186E2
4.757889234E1,9.976770020E2
4.761889130E1,9.976729126E2
4.765889130E1,9.976795044E2
4.769889234E1,9.976863403E2
4.773886870E1,9.976820068E2
4.777887297E1,9.976779175E2
4.781890245E1,9.976813354E2
4.785890714E1,9.976898193E2
4.789889390E1,9.976815186E2
4.793887370E1,9.976837158E2
4.797887693E1,9.976785278E2
4.801898203E1,9.976946411E2
4.805889359E1,9.976827393E2
4.809887245E1,9.976754150E2
4.813889604E1,9.976655884E2
4.817888714E1,9.976784058E2
4.821889193E1,9.976813354E2
4.825888578E1,9.976784058E2
4.829888484E1,9.976985474E2
4.833889151E1,9.976785278E2
4.837890068E1,9.976905518E2
4.841888984E1,9.976810303E2
4.845889557E1,9.976918335E2
4.849888771E1,9.976990356E2
4.853888734E1,9.976685181E2
4.857888734E1,9.976737061E2
4.861888714E1,9.976732178E2
4.865889318E1,9.976859131E2
4.869890380E1,9.976701050E2
4.873888984E1,9.976922607E2
4.877890849E1,9.976877441E2
4.881890193E1,9.976883545E2
4.885890411E1,9.976951294E2
4.889890130E1,9.976851196E2
4.893890745E1,9.976801147E2
4.897896120E1,9.976912231E2
4.901890745E1,9.976746216E2
4.905895588E1,9.976672974E2
4.909894130E1,9.976746216E2
4.913894370E1,9.976632080E2
4.917889203E1,9.976680908E2
4.921889495E1,9.976724243E2
4.925894854E1,9.976712036E2
4.929890016E1,9.976954346E2
4.933889474E1,9.976843262E2
4.937891453E1,9.976899414E2
4.941888640E1,9.976726074E2
4.945890047E1,9.976683960E2
4.949889203E1,9.976840210E2
4.953889974E1,9.976748047E2
4.957889266E1,9.976730957E2
4.961890026E1,9.976575928E2
4.965889203E1,9.976726074E2
4.969889922E1,9.976841431E2
4.973890203E1,9.976652832E2
4.977890193E1,9.976946411E2
4.981895536E1,9.976784058E2
4.985891854E1,9.976759033E2
4.989890068E1,9.976835327E2
4.993893339E1,9.976961670E2
4.997896078E1,9.976668091E2
5.001895734E1,9.976646118E2
5.005889354E1,9.976821289E2
5.009889286E1,9.976508789E2
5.013889771E1,9.976849365E2
5.017894526E1,9.976713257E2
5.021895964E1,9.976727295E2
5.025894703E1,9.976629028E2
5.029894838E1,9.976961670E2
5.033897276E1,9.976730957E2
5.037895729E1,9.976599731E2
5.041894922E1,9.976708984E2
5.045897443E1,9.976677856E2
5.049890193E1,9.976560669E2
5.053889193E1,9.976574707E2
5.057889120E1,9.976583862E2
5.061889229E1,9.976663818E2
5.065888714E1,9.976651001E2
5.069890526E1,9.976588745E2
5.073890099E1,9.976638794E2
5.077896057E1,9.976754150E2
5.081890286E1,9.976721191E2
5.085889088E1,9.976596069E2
5.089896880E1,9.976740112E2
5.093896088E1,9.976738281E2
5.097886818E1,9.976685181E2
5.101890714E1,9.976516724E2
5.105889807E1,9.976632080E2
5.109893880E1,9.976829224E2
5.113895714E1,9.976699219E2
5.117895026E1,9.976651001E2
5.121897547E1,9.976740112E2
5.125894771E1,9.976699219E2
5.129896047E1,9.976608887E2
5.133895307E1,9.976816406E2
5.137896703E1,9.976665039E2
5.141896562E1,9.976602783E2
5.145887036E1,9.976613770E2
5.149889437E1,9.976627808E2
5.153889130E1,9.976685181E2
5.157888755E1,9.976640015E2
5.161891026E1,9.976446533E2
5.165895036E1,9.976715088E2
5.169890224E1,9.976661987E2
5.173886484E1,9.976694946E2
5.177890495E1,9.976654053E2
5.181896604E1,9.976737061E2
5.185891437E1,9.976710205E2
5.189890479E1,9.976696167E2
5.193885901E1,9.976452637E2
5.197893766E1,9.976457520E2
5.201894896E1,9.976649170E2
5.205890609E1,9.976567993E2
5.209890776E1,9.976632080E2
5.213895016E1,9.976712036E2
5.217895401E1,9.976618042E2
5.221895547E1,9.976643066E2
5.225886068E1,9.976708984E2
5.229897911E1,9.976583862E2
5.233897630E1,9.976496582E2
5.237895911E1,9.976614990E2
5.241893786E1,9.976507568E2
5.245894807E1,9.976585693E2
5.249889120E1,9.976474609E2
5.253889724E1,9.976585693E2
5.257889797E1,9.976597900E2
5.261889484E1,9.976561890E2
5.265889640E1,9.976522827E2
5.269897318E1,9.976497803E2
5.273894078E1,9.976616821E2
5.277890021E1,9.976583862E2
5.281895297E1,9.976494751E2
5.285887214E1,9.976560669E2
5.289888286E1,9.976688232E2
5.293889703E1,9.976528931E2
5.297890088E1,9.976486816E2
5.301890547E1,9.976510620E2
5.305889807E1,9.976539917E2
5.309887630E1,9.976482544E2
5.313887714E1,9.976371460E2
5.317895109E1,9.976438599E2
5.321897104E1,9.976782227E2
5.325896255E1,9.976651001E2
5.329897547E1,9.976610107E2
5.333896464E1,9.976588745E2
5.337895588E1,9.976636963E2
5.341894797E1,9.976517944E2
5.345893557E1,9.976516724E2
5.349889474E1,9.976424561E2
5.353888953E1,9.976371460E2
5.357889896E1,9.976408691E2
5.361890547E1,9.976468506E2
5.365890203E1,9.976432495E2
5.369894953E1,9.976555786E2
5.373895203E1,9.976458740E2
5.377887193E1,9.976596069E2
5.381889526E1,9.976335449E2
5.385887266E1,9.976571045E2
5.389889297E1,9.976768188E2
5.393889755E1,9.976313477E2
5.397889286E1,9.976468506E2
5.401890172E1,9.976478882E2
5.405889896E1,9.976400757E2
5.409888557E1,9.976457520E2
5.413890161E1,9.976414795E2
5.417895203E1,9.976547852E2
5.421895828E1,9.976618042E2
5.425895870E1,9.976569824E2
5.429894526E1,9.976638794E2
5.433894672E1,9.976536865E2
5.437894682E1,9.976746216E2
5.441894495E1,9.976410522E2
5.445889729E1,9.976452637E2
5.449890437E1,9.976458740E2
5.453891036E1,9.976461792E2
5.457889693E1,9.976589966E2
5.461889964E1,9.976547852E2
5.465889870E1,9.976485596E2
5.469891812E1,9.976752319E2
5.473889443E1,9.976737061E2
5.477889661E1,9.976735229E2
5.481888984E1,9.976486816E2
5.485889536E1,9.976674194E2
5.489888818E1,9.976531982E2
5.493896234E1,9.976680908E2
5.497894338E1,9.976390381E2
5.501887036E1,9.976463623E2
5.505888526E1,9.976513672E2
5.509890557E1,9.976519775E2
5.513890734E1,9.976599731E2
5.517889771E1,9.976552734E2
5.521889109E1,9.976527710E2
5.525889380E1,9.976624756E2
5.529889651E1,9.976611938E2
5.533888964E1,9.976596069E2
5.537889526E1,9.976447754E2
5.541889891E1,9.976402588E2
5.545889703E1,9.976577759E2
5.549889338E1,9.976708984E2
5.553890359E1,9.976558838E2
5.557890021E1,9.976599731E2
5.561890609E1,9.976393433E2
5.565887182E1,9.976611938E2
5.569890453E1,9.976535645E2
5.573896339E1,9.976669922E2
5.577889229E1,9.976497803E2
5.581889609E1,9.976419678E2
5.585889245E1,9.976478882E2
5.589889359E1,9.976503906E2
5.593885812E1,9.976528931E2
5.597887880E1,9.976424561E2
5.601887068E1,9.976538696E2
5.605887203E1,9.976435547E2
5.609892896E1,9.976502686E2
5.613886401E1,9.976477661E2
5.617887234E1,9.976447754E2
5.621894130E1,9.976552734E2
5.625889401E1,9.976690063E2
5.629894214E1,9.976418457E2
5.633895943E1,9.976521606E2
5.637894859E1,9.976654053E2
5.641889328E1,9.976485596E2
5.645889620E1,9.976539917E2
5.649887818E1,9.976607056E2
5.653886609E1,9.976394653E2
5.657886651E1,9.976407471E2
5.661886630E1,9.976511841E2
5.665886734E1,9.976597900E2
5.669887182E1,9.976488647E2
5.673886797E1,9.976539917E2
5.677885953E1,9.976553955E2
5.681886588E1,9.976497803E2
5.685886474E1,9.976475830E2
5.689887203E1,9.976385498E2
5.693887078E1,9.976461792E2
5.697886682E1,9.976282349E2
5.701886734E1,9.976478882E2
5.705887661E1,9.976424561E2
5.709887464E1,9.976492920E2
5.713886557E1,9.976474609E2
5.717887479E1,9.976391602E2
5.721887016E1,9.976657104E2
5.725886693E1,9.976815186E2
5.729886818E1,9.976500854E2
5.733887505E1,9.976638794E2
5.737887849E1,9.976804199E2
5.741887411E1,9.976521606E2
5.745887266E1,9.976671143E2
5.749887745E1,9.976492920E2
5.753888026E1,9.976580811E2
5.757886911E1,9.976352539E2
5.761885964E1,9.976583862E2
5.765886755E1,9.976641846E2
5.769887026E1,9.976503906E2
5.773887255E1,9.976691895E2
5.777887609E1,9.976622925E2
5.781886984E1,9.976640015E2
5.785887151E1,9.976382446E2
5.789887609E1,9.976541748E2
5.793886401E1,9.976605835E2
5.797887516E1,9.976346436E2
5.801886766E1,9.976525879E2
5.805886964E1,9.976661987E2
5.809887109E1,9.976815186E2
5.813885620E1,9.976605835E2
5.817886734E1,9.976699219E2
5.821886807E1,9.976807251E2
5.825887880E1,9.976683960E2
5.829887203E1,9.976807251E2
5.833887234E1,9.976760254E2
5.837887854E1,9.976843262E2
5.841887318E1,9.976660156E2
5.845887151E1,9.976485596E2
5.849887495E1,9.976668091E2
5.853887109E1,9.976663818E2
5.857887104E1,9.976644897E2
5.861887109E1,9.976578979E2
5.865886776E1,9.976771240E2
5.869887214E1,9.976683960E2
5.873887172E1,9.976619873E2
5.877886776E1,9.976927490E2
5.881887786E1,9.976685181E2
5.885887130E1,9.976477661E2
5.889887786E1,9.976743164E2
5.893887286E1,9.976468506E2
5.897886318E1,9.976419678E2
5.901887661E1,9.976522827E2
5.905886797E1,9.976525879E2
5.909886854E1,9.976569824E2
5.913886922E1,9.976510620E2
5.917886943E1,9.976613770E2
5.921887562E1,9.976613770E2
5.925888005E1,9.976830444E2
5.929887151E1,9.976655884E2
5.933887729E1,9.976522827E2
5.937887911E1,9.976555786E2
5.941887467E1,9.976404419E2
5.945887915E1,9.976533813E2
5.949887670E1,9.976629028E2
5.953887717E1,9.976658936E2
5.957887859E1,9.976616821E2
5.961886724E1,9.976605835E2
5.965888099E1,9.976671143E2
5.969887422E1,9.976671143E2
5.973888432E1,9.976848145E2
5.977887849E1,9.976713257E2
5.981888161E1,9.976604004E2
5.985889291E1,9.976591797E2
5.989887765E1,9.976533813E2
5.993888661E1,9.976385498E2
5.997887859E1,9.976567993E2
6.001887578E1,9.976304321E2
6.005887265E1,9.976343384E2
6.009887609E1,9.976732178E2
6.013887474E1,9.976730957E2
6.017888609E1,9.976741943E2
6.021887807E1,9.976531982E2
6.025887942E1,9.976646118E2
6.029888151E1,9.976641846E2
6.033888046E1,9.976547852E2
6.037887567E1,9.976676025E2
6.041887609E1,9.976502686E2
6.045886526E1,9.976414795E2
6.049887640E1,9.976441650E2
6.053887974E1,9.976396484E2
6.057887422E1,9.976369629E2
6.061887932E1,9.976480713E2
6.065887276E1,9.976483765E2
6.069888265E1,9.976516724E2
6.073887849E1,9.976611938E2
6.077888250E1,9.976511841E2
6.081888567E1,9.976393433E2
6.085887328E1,9.976604004E2
6.089888692E1,9.976516724E2
6.093895442E1,9.976422729E2
6.097890208E1,9.976472778E2
6.101889932E1,9.976521606E2
6.105889974E1,9.976375732E2
6.109887526E1,9.976575928E2
6.113889484E1,9.976531982E2
6.117890901E1,9.976654053E2
6.121891661E1,9.976619873E2
6.125891526E1,9.976655884E2
6.129890672E1,9.976687012E2
6.133890192E1,9.976757202E2
6.137889672E1,9.976513672E2
6.141890234E1,9.976450806E2
6.145889953E1,9.976546631E2
6.149890599E1,9.976460571E2
6.153889922E1,9.976457520E2
6.157889651E1,9.976712036E2
6.161890625E1,9.976528931E2
6.165890099E1,9.976638794E2
6.169890692E1,9.976577759E2
6.173890099E1,9.976522827E2
6.177890474E1,9.976269531E2
6.181886422E1,9.976254272E2
6.185890276E1,9.976110229E2
6.189889390E1,9.976176147E2
6.193894442E1,9.976351318E2
6.197894672E1,9.976277466E2
6.201895942E1,9.976357422E2
6.205890015E1,9.976404419E2
6.209890994E1,9.976443481E2
6.213886609E1,9.976575928E2
6.217890088E1,9.976567993E2
6.221896109E1,9.976589966E2
6.225896791E1,9.976574707E2
6.229895567E1,9.976316528E2
6.233887833E1,9.976514893E2
6.237887583E1,9.976458740E2
6.241894859E1,9.976322632E2
6.245894172E1,9.976319580E2
6.249892047E1,9.976313477E2
6.253890307E1,9.976433716E2
6.257890432E1,9.976349487E2
6.261890328E1,9.976482544E2
6.265890958E1,9.976452637E2
6.269896557E1,9.976654053E2
6.273890609E1,9.976514893E2
6.277889901E1,9.976569824E2
6.281889401E1,9.976421509E2
6.285890432E1,9.976432495E2
6.289891088E1,9.976372681E2
6.293890474E1,9.976343384E2
6.297892317E1,9.976475830E2
6.301887463E1,9.976369629E2
6.305891151E1,9.976377563E2
6.309892619E1,9.976483765E2
6.313890541E1,9.976660156E2
6.317891963E1,9.976489868E2
6.321887500E1,9.976397705E2
6.325894984E1,9.976468506E2
6.329895984E1,9.976500854E2
6.333895505E1,9.976558838E2
6.337895630E1,9.976491699E2
6.341895974E1,9.976394653E2
6.345891192E1,9.976468506E2
6.349886500E1,9.976446533E2
6.353890651E1,9.976507568E2
6.357891546E1,9.976466675E2
6.361890984E1,9.976472778E2
6.365890526E1,9.976663818E2
6.369890463E1,9.976502686E2
6.373887484E1,9.976491699E2
6.377890422E1,9.976472778E2
6.381886526E1,9.976527710E2
6.385889776E1,9.976372681E2
6.389890734E1,9.976414795E2
6.393887640E1,9.976483765E2
6.397890484E1,9.976466675E2
6.401891291E1,9.976425781E2
6.405888432E1,9.976361694E2
6.409891057E1,9.976492920E2
6.413886547E1,9.976694946E2
6.417890349E1,9.976760254E2
6.421890099E1,9.976517944E2
6.425890130E1,9.976402588E2
6.429887849E1,9.976580811E2
6.433889458E1,9.976238403E2
6.437890416E1,9.976262207E2
6.441889708E1,9.976422729E2
6.445890880E1,9.976271362E2
6.449889817E1,9.976379395E2
6.453890099E1,9.976439819E2
6.457891026E1,9.976421509E2
6.461890640E1,9.976366577E2
6.465889963E1,9.976511841E2
6.469889838E1,9.976652832E2
6.473889380E1,9.976368408E2
6.477890296E1,9.976088257E2
6.481889942E1,9.976416626E2
6.485891296E1,9.976288452E2
6.489890703E1,9.976237183E2
6.493890422E1,9.976344604E2
6.497886849E1,9.976397705E2
6.501889546E1,9.976358643E2
6.505890750E1,9.976488647E2
6.509889911E1,9.976575928E2
6.513889505E1,9.976729126E2
6.517890380E1,9.976724243E2
6.521890338E1,9.976578979E2
6.525890630E1,9.976369629E2
6.529889942E1,9.976561890E2
6.533891588E1,9.976452637E2
6.537890546E1,9.976354370E2
6.541891140E1,9.976424561E2
6.545890672E1,9.976327515E2
6.549890984E1,9.976464844E2
6.553890880E1,9.976535645E2
6.557890661E1,9.976567993E2
6.561890672E1,9.976567993E2
6.565889401E1,9.976458740E2
6.569890640E1,9.976489868E2
6.573889125E1,9.976326294E2
6.577890291E1,9.976316528E2
6.581891859E1,9.976439819E2
6.585891276E1,9.976358643E2
6.589891026E1,9.976165161E2
6.593887192E1,9.976338501E2
6.597889849E1,9.976219482E2
6.601890474E1,9.976368408E2
6.605890942E1,9.976525879E2
6.609890869E1,9.976614990E2
6.613890474E1,9.976471558E2
6.617890484E1,9.976665039E2
6.621890286E1,9.976588745E2
6.625891484E1,9.976365356E2
6.629889911E1,9.976561890E2
6.633890234E1,9.976524658E2
6.637890765E1,9.976308594E2
6.641889942E1,9.976355591E2
6.645890765E1,9.976466675E2
6.649890849E1,9.976355591E2
6.653890724E1,9.976450806E2
6.657890224E1,9.976499634E2
6.661890286E1,9.976544800E2
6.665887942E1,9.976432495E2
6.669891390E1,9.976552734E2
6.673890869E1,9.976507568E2
6.677890015E1,9.976312256E2
6.681891411E1,9.976291504E2
6.685889963E1,9.976464844E2
6.689891541E1,9.976538696E2
6.693891817E1,9.976474609E2
6.697891526E1,9.976304321E2
6.701891026E1,9.976355591E2
6.705890609E1,9.976207275E2
6.709889849E1,9.976315308E2
6.713889776E1,9.976349487E2
6.717886401E1,9.976419678E2
6.721890380E1,9.976344604E2
6.725890234E1,9.976221313E2
6.729889390E1,9.976486816E2
6.733888515E1,9.976277466E2
6.737892375E1,9.976421509E2
6.741890213E1,9.976413574E2
6.745890458E1,9.976322632E2
6.749891515E1,9.976319580E2
6.753890203E1,9.976302490E2
6.757891000E1,9.976514893E2
6.761889442E1,9.976455688E2
6.765889734E1,9.976229248E2
6.769896422E1,9.976315308E2
6.773889203E1,9.976087036E2
6.777894255E1,9.976260376E2
6.781886880E1,9.976507568E2
6.785896713E1,9.976254272E2
6.789890463E1,9.976382446E2
6.793887599E1,9.976293335E2
6.797896119E1,9.976274414E2
6.801886557E1,9.976341553E2
6.805890140E1,9.976204224E2
6.809890041E1,9.976301270E2
6.813890942E1,9.976421509E2
6.817891088E1,9.976436768E2
6.821891307E1,9.976429443E2
6.825891057E1,9.976341553E2
6.829890609E1,9.976450806E2
6.833891791E1,9.976335449E2
6.837890609E1,9.976458740E2
6.841890036E1,9.976363525E2
6.845891994E1,9.976372681E2
6.849889890E1,9.976369629E2
6.853890307E1,9.976422729E2
6.857887088E1,9.976397705E2
6.861890442E1,9.976268311E2
6.865891349E1,9.976483765E2
6.869897630E1,9.976416626E2
6.873890500E1,9.976204224E2
6.877897172E1,9.976221313E2
6.881896333E1,9.976219482E2
6.885887583E1,9.976285400E2
6.889890338E1,9.976212158E2
6.893890807E1,9.976299438E2
6.897890651E1,9.976366577E2
6.901890182E1,9.976230469E2
6.905887546E1,9.976357422E2
6.909890390E1,9.976496582E2
6.913891984E1,9.976439819E2
6.917890890E1,9.976375732E2
6.921890125E1,9.976230469E2
6.925890349E1,9.976265259E2
6.929892182E1,9.976301270E2
6.933890500E1,9.976176147E2
6.937889849E1,9.976223145E2
6.941890057E1,9.976152344E2
6.945890297E1,9.976297607E2
6.949889869E1,9.976246338E2
6.953889922E1,9.976271362E2
6.957887651E1,9.976257324E2
6.961890234E1,9.976478882E2
6.965890067E1,9.976254272E2
6.969890724E1,9.976145020E2
6.973890041E1,9.976113281E2
6.977890651E1,9.976024170E2
6.981890828E1,9.976007080E2
6.985890916E1,9.976011963E2
6.989890182E1,9.976090088E2
6.993894859E1,9.976058960E2
6.997890026E1,9.976219482E2
7.001895880E1,9.976160278E2
7.005894849E1,9.976166382E2
7.009897005E1,9.976400757E2
7.013895505E1,9.976182251E2
7.017890932E1,9.976132202E2
7.021889875E1,9.976191406E2
7.025890422E1,9.976322632E2
7.029890359E1,9.976049194E2
7.033891005E1,9.976072998E2
7.037890026E1,9.976212158E2
7.041889458E1,9.976179199E2
7.045889901E1,9.976229248E2
7.049890192E1,9.976195068E2
7.053891724E1,9.976229248E2
7.057890432E1,9.976361694E2
7.061890036E1,9.976340332E2
7.065891296E1,9.976421509E2
7.069896208E1,9.976182251E2
7.073890672E1,9.976093140E2
7.077891901E1,9.976257324E2
7.081891724E1,9.976383667E2
7.085890046E1,9.976134033E2
7.089889422E1,9.976054077E2
7.093894119E1,9.976219482E2
7.097894380E1,9.976207275E2
7.101888099E1,9.976212158E2
7.105897776E1,9.976424561E2
7.109898442E1,9.976205444E2
7.113890463E1,9.976322632E2
7.117891484E1,9.976091919E2
7.121891182E1,9.976341553E2
7.125890296E1,9.976407471E2
7.129890922E1,9.976390381E2
7.133890151E1,9.976090088E2
7.137889755E1,9.976107178E2
7.141887713E1,9.976129150E2
7.145890255E1,9.976201172E2
7.149891192E1,9.976230469E2
7.153890640E1,9.976419678E2
7.157891536E1,9.976282349E2
7.161895578E1,9.976655884E2
7.165890083E1,9.976196289E2
7.169896692E1,9.976263428E2
7.173895651E1,9.976224365E2
7.177890875E1,9.976380615E2
7.181889692E1,9.976207275E2
7.185894588E1,9.976287231E2
7.189890484E1,9.976273193E2
7.193889734E1,9.976274414E2
7.197890807E1,9.976268311E2
7.201886546E1,9.976277466E2
7.205899000E1,9.976338501E2
7.209895953E1,9.976455688E2
7.213896744E1,9.976429443E2
7.217898557E1,9.976471558E2
7.221897192E1,9.976322632E2
7.225894119E1,9.976591797E2
7.229895625E1,9.976477661E2
7.233895963E1,9.976159058E2
7.237890411E1,9.976126099E2
7.241889776E1,9.976102295E2
7.245894942E1,9.976179199E2
7.249891692E1,9.976174316E2
7.253890369E1,9.976305542E2
7.257889984E1,9.976502686E2
7.261891140E1,9.976354370E2
7.265886958E1,9.976336670E2
7.269896682E1,9.976191406E2
7.273889875E1,9.976273193E2
7.277890567E1,9.976193237E2
7.281890463E1,9.976065063E2
7.285886401E1,9.976118164E2
7.289891109E1,9.976294556E2
7.293890234E1,9.976377563E2
7.297890234E1,9.976232300E2
7.301890750E1,9.976212158E2
7.305889901E1,9.976410522E2
7.309892234E1,9.976333618E2
7.313890651E1,9.976229248E2
7.317890567E1,9.976419678E2
7.321890557E1,9.976290283E2
7.325890317E1,9.976149292E2
7.329890458E1,9.976180420E2
7.333890692E1,9.976393433E2
7.337886817E1,9.976291504E2
7.341891203E1,9.976394653E2
7.345891088E1,9.976201172E2
7.349891651E1,9.976361694E2
7.353890203E1,9.976357422E2
7.357891963E1,9.976553955E2
7.361892369E1,9.976441650E2
7.365890088E1,9.976402588E2
7.369886625E1,9.976262207E2
7.373889922E1,9.976229248E2
7.377889859E1,9.976174316E2
7.381890567E1,9.976277466E2
7.385891458E1,9.976318359E2
7.389891807E1,9.976302490E2
7.393896250E1,9.976290283E2
7.397895291E1,9.976347656E2
7.401887109E1,9.976307373E2
7.405890140E1,9.976258545E2
7.409891484E1,9.976478882E2
7.413891817E1,9.976402588E2
7.417890015E1,9.976371460E2
7.421890067E1,9.976288452E2
7.425890125E1,9.976613770E2
7.429891713E1,9.976461792E2
7.433891708E1,9.976458740E2
7.437891776E1,9.976441650E2
7.441891192E1,9.976344604E2
7.445890494E1,9.976124268E2
7.449890651E1,9.976327515E2
7.453890994E1,9.976290283E2
7.457891432E1,9.976505737E2
7.461889922E1,9.976538696E2
7.465889692E1,9.976463623E2
7.469895192E1,9.976260376E2
7.473889869E1,9.976246338E2
7.477891666E1,9.976438599E2
7.481898286E1,9.976380615E2
7.485890192E1,9.976293335E2
7.489891317E1,9.976368408E2
7.493895286E1,9.976260376E2
7.497896276E1,9.976308594E2
7.501895890E1,9.976324463E2
7.505891630E1,9.976483765E2
7.509890442E1,9.976514893E2
7.513895515E1,9.976668091E2
7.517895838E1,9.976643066E2
7.521895307E1,9.976488647E2
7.525896666E1,9.976643066E2
7.529896296E1,9.976483765E2
7.533897828E1,9.976336670E2
7.537896140E1,9.976315308E2
7.541890349E1,9.976390381E2
7.545890286E1,9.976410522E2
7.549892172E1,9.976541748E2
7.553891109E1,9.976485596E2
7.557890307E1,9.976677856E2
7.561890317E1,9.976618042E2
7.565889682E1,9.976578979E2
7.569896057E1,9.976591797E2
7.573890026E1,9.976461792E2
7.577891500E1,9.976701050E2
7.581894317E1,9.976386719E2
7.585889526E1,9.976424561E2
7.589890265E1,9.976676025E2
7.593890026E1,9.976602783E2
7.597892026E1,9.976705933E2
7.601890817E1,9.976539917E2
7.605890078E1,9.976622925E2
7.609890828E1,9.976748047E2
7.613890640E1,9.976727295E2
7.617889890E1,9.976746216E2
7.621890859E1,9.976549683E2
7.625890942E1,9.976702881E2
7.629892036E1,9.976779175E2
7.633887541E1,9.976607056E2
7.637887359E1,9.976582031E2
7.641890651E1,9.976668091E2
7.645890046E1,9.976514893E2
7.649890182E1,9.976752319E2
7.653889526E1,9.976672974E2
7.657890672E1,9.976816406E2
7.661890630E1,9.976790161E2
7.665890380E1,9.976482544E2
7.669896776E1,9.976530762E2
7.673890057E1,9.976702881E2
7.677889724E1,9.976718140E2
7.681891297E1,9.976632080E2
7.685895786E1,9.976597900E2
7.689892651E1,9.976654053E2
7.693892036E1,9.976586914E2
7.697896776E1,9.976468506E2
7.701895224E1,9.976741943E2
7.705894375E1,9.976621094E2
7.709895682E1,9.976671143E2
7.713897203E1,9.976694946E2
7.717897307E1,9.976522827E2
7.721897422E1,9.976553955E2
7.725896500E1,9.976503906E2
7.729896369E1,9.976455688E2
7.733895213E1,9.976492920E2
7.737896765E1,9.976474609E2
7.741895333E1,9.976541748E2
7.745887880E1,9.976696167E2
7.749890046E1,9.976391602E2
7.753890234E1,9.976680908E2
7.757890380E1,9.976755981E2
7.761890505E1,9.976658936E2
7.765890192E1,9.976468506E2
7.769898224E1,9.976390381E2
7.773891916E1,9.976355591E2
7.777890442E1,9.976446533E2
7.781891380E1,9.976341553E2
7.785895057E1,9.976466675E2
7.789891244E1,9.976644897E2
7.793890963E1,9.976525879E2
7.797894755E1,9.976488647E2
7.801888088E1,9.976697998E2
7.805890984E1,9.976622925E2
7.809890526E1,9.976652832E2
7.813890369E1,9.976818237E2
7.817888942E1,9.976599731E2
7.821887515E1,9.976751099E2
7.825890276E1,9.976640015E2
7.829891067E1,9.976560669E2
7.833887463E1,9.976572876E2
7.837890515E1,9.976549683E2
7.841890224E1,9.976575928E2
7.845890161E1,9.976669922E2
7.849890046E1,9.976738281E2
7.853890526E1,9.976768188E2
7.857889807E1,9.976784058E2
7.861890411E1,9.976810303E2
7.865890291E1,9.976655884E2
7.869889916E1,9.976561890E2
7.873890703E1,9.976902466E2
7.877892088E1,9.976665039E2
7.881890422E1,9.976744995E2
7.885890546E1,9.976480713E2
7.889889474E1,9.976663818E2
7.893889828E1,9.976553955E2
7.897890547E1,9.976643066E2
7.901889708E1,9.976635132E2
7.905890505E1,9.976716919E2
7.909891474E1,9.976921387E2
7.913891682E1,9.976760254E2
7.917891776E1,9.976774292E2
7.921889963E1,9.976844482E2
7.925890317E1,9.976994629E2
7.929890333E1,9.976748047E2
7.933890713E1,9.976737061E2
7.937890515E1,9.976604004E2
7.941890338E1,9.976524658E2
7.945889557E1,9.976575928E2
7.949889922E1,9.976694946E2
7.953890890E1,9.976777344E2
7.957891015E1,9.976704102E2
7.961890755E1,9.976915283E2
7.965891036E1,9.977019653E2
7.969891869E1,9.976784058E2
7.973889916E1,9.976655884E2
7.977890046E1,9.976715088E2
7.981891109E1,9.976524658E2
7.985888765E1,9.976712036E2
7.989889916E1,9.976524658E2
7.993890078E1,9.976652832E2
7.997890744E1,9.976503906E2
8.001889807E1,9.976665039E2
8.005891296E1,9.976677856E2
8.009891401E1,9.976713257E2
8.013888140E1,9.976762085E2
8.017888953E1,9.976618042E2
8.021889317E1,9.976768188E2
8.025889099E1,9.976826172E2
8.029887526E1,9.976798096E2
8.033887583E1,9.976608887E2
8.037888015E1,9.976694946E2
8.041887994E1,9.976524658E2
8.045888005E1,9.976649170E2
8.049888672E1,9.976713257E2
8.053888557E1,9.976741943E2
8.057888734E1,9.976663818E2
8.061889000E1,9.976749268E2
8.065888172E1,9.976774292E2
8.069887682E1,9.976827393E2
8.073887432E1,9.976654053E2
8.077887744E1,9.976444702E2
8.081887890E1,9.976633911E2
8.085887672E1,9.976452637E2
8.089887786E1,9.976372681E2
8.093887255E1,9.976491699E2
8.097887546E1,9.976749268E2
8.101887776E1,9.976517944E2
8.105888369E1,9.976553955E2
8.109888255E1,9.976547852E2
8.113889265E1,9.976632080E2
8.117888286E1,9.976749268E2
8.121888328E1,9.976575928E2
8.125887557E1,9.976629028E2
8.129887083E1,9.976660156E2
8.133887974E1,9.976848145E2
8.137887932E1,9.976755981E2
8.141888713E1,9.976768188E2
8.145888817E1,9.976718140E2
8.149887776E1,9.976679077E2
8.153889224E1,9.976697998E2
8.157888791E1,9.976672974E2
8.161888875E1,9.976713257E2
8.165887328E1,9.976694946E2
8.169889224E1,9.976785278E2
8.173889416E1,9.976661987E2
8.177887474E1,9.976827393E2
8.181888724E1,9.976668091E2
8.185888182E1,9.976494751E2
8.189888541E1,9.976567993E2
8.193888916E1,9.976651001E2
8.197891005E1,9.976607056E2
8.201890713E1,9.976699219E2
8.205890125E1,9.976741943E2
8.209890505E1,9.976732178E2
8.213889880E1,9.976799316E2
8.217890338E1,9.976744995E2
8.221889130E1,9.976869507E2
8.225891672E1,9.976949463E2
8.229888880E1,9.976933594E2
8.233892203E1,9.976768188E2
8.237891724E1,9.976651001E2
8.241892849E1,9.976818237E2
8.245893005E1,9.976749268E2
8.249892349E1,9.976749268E2
8.253891567E1,9.976830444E2
8.257891974E1,9.976996460E2
8.261891463E1,9.976940308E2
8.265892015E1,9.976969604E2
8.269897557E1,9.977011719E2
8.273891244E1,9.976869507E2
8.277892119E1,9.976904297E2
8.281892213E1,9.976910400E2
8.285891875E1,9.976694946E2
8.289889682E1,9.976824341E2
8.293889541E1,9.976857300E2
8.297891791E1,9.976877441E2
8.301890046E1,9.976841431E2
8.305889682E1,9.976871338E2
8.309889130E1,9.976996460E2
8.313889099E1,9.976846313E2
8.317888963E1,9.977136841E2
8.321889453E1,9.976999512E2
8.325888833E1,9.976902466E2
8.329889297E1,9.976977539E2
8.333890026E1,9.976980591E2
8.337889666E1,9.976854248E2
8.341889526E1,9.976924438E2
8.345889567E1,9.976807251E2
8.349888838E1,9.976849365E2
8.353888765E1,9.976785278E2
8.357889807E1,9.976846313E2
8.361889536E1,9.976838379E2
8.365888796E1,9.976971436E2
8.369888755E1,9.976955566E2
8.373889599E1,9.977146606E2
8.377889276E1,9.976913452E2
8.381890151E1,9.977044678E2
8.385889682E1,9.976773071E2
8.389889359E1,9.976815186E2
8.393890015E1,9.976655884E2
8.397889713E1,9.976713257E2
8.401888692E1,9.976749268E2
8.405889276E1,9.976840210E2
8.409888630E1,9.976693115E2
8.413888640E1,9.976852417E2
8.417889734E1,9.976938477E2
8.421888750E1,9.976966553E2
8.425889338E1,9.976929321E2
8.429889890E1,9.977021484E2
8.433888838E1,9.976924438E2
8.437889484E1,9.976922607E2
8.441890026E1,9.976851196E2
8.445888588E1,9.976851196E2
8.449888583E1,9.976771240E2
8.453888625E1,9.976827393E2
8.457888317E1,9.976876221E2
8.461888817E1,9.976983643E2
8.465888416E1,9.976893311E2
8.469889328E1,9.977185669E2
8.473890411E1,9.977029419E2
8.477891088E1,9.976843262E2
8.481889390E1,9.976907349E2
8.485889515E1,9.977004395E2
8.489889776E1,9.976827393E2
8.493890651E1,9.976804199E2
8.497890359E1,9.976815186E2
8.501889484E1,9.976614990E2
8.505889765E1,9.976652832E2
8.509889567E1,9.976690063E2
8.513890088E1,9.976852417E2
8.517890682E1,9.976760254E2
8.521891932E1,9.976887207E2
8.525889916E1,9.977068481E2
8.529888640E1,9.976885376E2
8.533888583E1,9.976905518E2
8.537889088E1,9.976691895E2
8.541890776E1,9.976735229E2
8.545889088E1,9.976672974E2
8.549888640E1,9.976807251E2
8.553888474E1,9.976961670E2
8.557888140E1,9.976791382E2
8.561888390E1,9.977013550E2
8.565888463E1,9.976898193E2
8.569889119E1,9.976957397E2
8.573888890E1,9.976910400E2
8.577889625E1,9.976982422E2
8.581889130E1,9.976622925E2
8.585890672E1,9.976830444E2
8.589889234E1,9.976829224E2
8.593889140E1,9.976908569E2
8.597888942E1,9.976751099E2
8.601888338E1,9.976852417E2
8.605887213E1,9.976787109E2
8.609890390E1,9.976824341E2
8.613889807E1,9.976818237E2
8.617889599E1,9.976887207E2
8.621891213E1,9.977002563E2
8.625888422E1,9.976933594E2
8.629889880E1,9.976840210E2
8.633889515E1,9.976846313E2
8.637889432E1,9.976699219E2
8.641890015E1,9.976777344E2
8.645888192E1,9.976837158E2
8.649887880E1,9.976779175E2
8.653889088E1,9.976627808E2
8.657889651E1,9.976719971E2
8.661891932E1,9.976721191E2
8.665891442E1,9.976854248E2
8.669892422E1,9.976704102E2
8.673890432E1,9.976823120E2
8.677888046E1,9.976994629E2
8.681891692E1,9.976985474E2
8.685892265E1,9.976734009E2
8.689890958E1,9.976899414E2
8.693890666E1,9.976795044E2
8.697892567E1,9.976591797E2
8.701891724E1,9.976629028E2
8.705892213E1,9.976472778E2
8.709890338E1,9.976618042E2
8.713891208E1,9.976835327E2
8.717891333E1,9.976787109E2
8.721892588E1,9.976713257E2
8.725891026E1,9.976824341E2
8.729891682E1,9.976927490E2
8.733892359E1,9.976696167E2
8.737893119E1,9.976854248E2
8.741891130E1,9.976768188E2
8.745890172E1,9.976697998E2
8.749891541E1,9.976624756E2
8.753891166E1,9.976737061E2
8.757892411E1,9.976820068E2
8.761892005E1,9.976851196E2
8.765891109E1,9.976835327E2
8.769892583E1,9.976997681E2
8.773891234E1,9.976929321E2
8.777891067E1,9.976751099E2
8.781890958E1,9.976960449E2
8.785890208E1,9.976734009E2
8.789890349E1,9.976665039E2
8.793890875E1,9.976908569E2
8.797890713E1,9.976522827E2
8.801891859E1,9.976633911E2
8.805891172E1,9.976738281E2
8.809891224E1,9.976744995E2
8.813891026E1,9.976683960E2
8.817891974E1,9.976791382E2
8.821891916E1,9.976740112E2
8.825891703E1,9.976614990E2
8.829891213E1,9.976715088E2
8.833891474E1,9.976712036E2
8.837891682E1,9.976876221E2
8.841890890E1,9.976929321E2
8.845889458E1,9.976622925E2
8.849890359E1,9.976691895E2
8.853892625E1,9.976888428E2
8.857890932E1,9.976807251E2
8.861891869E1,9.976877441E2
8.865887859E1,9.976823120E2
8.869891463E1,9.976893311E2
8.873891151E1,9.976820068E2
8.877890328E1,9.976732178E2
8.881891234E1,9.976888428E2
8.885891515E1,9.976672974E2
8.889892005E1,9.976575928E2
8.893891547E1,9.976694946E2
8.897890890E1,9.976894531E2
8.901891619E1,9.976770020E2
8.905891666E1,9.976777344E2
8.909891317E1,9.976776123E2
8.913891682E1,9.976815186E2
8.917891119E1,9.976815186E2
8.921891849E1,9.976755981E2
8.925891265E1,9.976712036E2
8.929890807E1,9.976826172E2
8.933890963E1,9.976768188E2
8.937889208E1,9.976799316E2
8.941891172E1,9.976810303E2
8.945891463E1,9.976771240E2
8.949891140E1,9.976946411E2
8.953890416E1,9.976883545E2
8.957888755E1,9.976894531E2
8.961891083E1,9.976894531E2
8.965890244E1,9.976798096E2
8.969891713E1,9.976841431E2
8.973891401E1,9.977025757E2
8.977890557E1,9.976834106E2
8.981890708E1,9.976951294E2
8.985891172E1,9.976907349E2
8.989890526E1,9.976760254E2
8.993888041E1,9.976807251E2
8.997891432E1,9.976730957E2
9.001891125E1,9.976705933E2
9.005891776E1,9.976790161E2
9.009890708E1,9.976848145E2
9.013892088E1,9.976738281E2
9.017891567E1,9.976682129E2
9.021891692E1,9.976621094E2
9.025889911E1,9.976849365E2
9.029887630E1,9.976771240E2
9.033890901E1,9.976996460E2
9.037890901E1,9.976824341E2
9.041891922E1,9.976873169E2
9.045890349E1,9.976993408E2
9.049890958E1,9.976938477E2
9.053891416E1,9.976908569E2
9.057890099E1,9.976760254E2
9.061892265E1,9.976844482E2
9.065890390E1,9.976813354E2
9.069890526E1,9.976943359E2
9.073890422E1,9.976885376E2
9.077890005E1,9.977097778E2
9.081890875E1,9.977182007E2
9.085889651E1,9.976905518E2
9.089890474E1,9.976848145E2
9.093890526E1,9.976866455E2
9.097891291E1,9.976866455E2
9.101890422E1,9.976802368E2
9.105889942E1,9.976916504E2
9.109890390E1,9.976930542E2
9.113890849E1,9.976770020E2
9.117890932E1,9.976944580E2
9.121889922E1,9.976793213E2
9.125890078E1,9.976863403E2
9.129890015E1,9.977200928E2
9.133889994E1,9.977066650E2
9.137889984E1,9.976947632E2
9.141890380E1,9.977124634E2
9.145890182E1,9.976918335E2
9.149890922E1,9.976979370E2
9.153891708E1,9.976887207E2
9.157891067E1,9.976835327E2
9.161890942E1,9.976834106E2
9.165890567E1,9.976938477E2
9.169889849E1,9.976913452E2
9.173887958E1,9.976899414E2
9.177890838E1,9.976868286E2
9.181891109E1,9.977025757E2
9.185891932E1,9.976757202E2
9.189891411E1,9.976718140E2
9.193890734E1,9.976611938E2
9.197892172E1,9.976754150E2
9.201891796E1,9.976578979E2
9.205890536E1,9.976843262E2
9.209892192E1,9.976704102E2
9.213890099E1,9.976795044E2
9.217890005E1,9.976687012E2
9.221890297E1,9.976805420E2
9.225890505E1,9.976782227E2
9.229891401E1,9.976649170E2
9.233890484E1,9.976688232E2
9.237891151E1,9.976704102E2
9.241891224E1,9.976702881E2
9.245891828E1,9.976632080E2
9.249890807E1,9.976685181E2
9.253892005E1,9.976688232E2
9.257890182E1,9.976766357E2
9.261889609E1,9.976743164E2
9.265887130E1,9.976751099E2
9.269887422E1,9.976770020E2
9.273891297E1,9.976574707E2
9.277891078E1,9.976765137E2
9.281897505E1,9.976866455E2
9.285889666E1,9.976735229E2
9.289890442E1,9.976781006E2
9.293890807E1,9.976857300E2
9.297891119E1,9.976902466E2
9.301891375E1,9.976869507E2
9.305890630E1,9.976774292E2
9.309890255E1,9.977061768E2
9.313890828E1,9.976944580E2
9.317890536E1,9.977071533E2
9.321891744E1,9.977011719E2
9.325890567E1,9.977182007E2
9.329889797E1,9.977133789E2
9.333890859E1,9.977086792E2
9.337890463E1,9.977121582E2
9.341890567E1,9.977150879E2
9.345890682E1,9.977069702E2
9.349891317E1,9.976715088E2
9.353889567E1,9.976902466E2
9.357889599E1,9.976834106E2
9.361890380E1,9.976874390E2
9.365888640E1,9.976835327E2
9.369887901E1,9.977036743E2
9.373887953E1,9.977063599E2
9.377887432E1,9.977182007E2
9.381892297E1,9.976993408E2
9.385889349E1,9.976852417E2
9.389890932E1,9.976880493E2
9.393890458E1,9.977072754E2
9.397891713E1,9.976952515E2
9.401890119E1,9.976907349E2
9.405890291E1,9.976958618E2
9.409890401E1,9.976879272E2
9.413887880E1,9.976988525E2
9.417891817E1,9.977102661E2
9.421891901E1,9.977074585E2
9.425889630E1,9.976957397E2
9.429890208E1,9.977069702E2
9.433892046E1,9.976966553E2
9.437891265E1,9.977125854E2
9.441889713E1,9.977110596E2
9.445890255E1,9.976937256E2
9.449889901E1,9.977174683E2
9.453889682E1,9.976929321E2
9.457890505E1,9.976918335E2
9.461890838E1,9.977208862E2
9.465890588E1,9.977099609E2
9.469896984E1,9.977130737E2
9.473890088E1,9.977107544E2
9.477890046E1,9.977235107E2
9.481889328E1,9.977236938E2
9.485895838E1,9.977110596E2
9.489890213E1,9.977074585E2
9.493888422E1,9.977178955E2
9.497887422E1,9.977177734E2
9.501888286E1,9.977085571E2
9.505887599E1,9.976930542E2
9.509887401E1,9.977041626E2
9.513888161E1,9.977113647E2
9.517888317E1,9.977057495E2
9.521887317E1,9.977200928E2
9.525888338E1,9.977080688E2
9.529888296E1,9.977387085E2
9.533888578E1,9.977169800E2
9.537888151E1,9.977210693E2
9.541888583E1,9.977239990E2
9.545888005E1,9.977029419E2
9.549887442E1,9.977083740E2
9.553887708E1,9.977160645E2
9.557887640E1,9.977135620E2
9.561888328E1,9.977255859E2
9.565887505E1,9.977180786E2
9.569888515E1,9.977211914E2
9.573887922E1,9.977293091E2
9.577888125E1,9.977398071E2
9.581888515E1,9.977229004E2
9.585888088E1,9.977150879E2
9.589888286E1,9.977304077E2
9.593888041E1,9.977103882E2
9.597888088E1,9.977069702E2
9.601887557E1,9.977094727E2
9.605887734E1,9.977268066E2
9.609888380E1,9.977066650E2
9.613887651E1,9.977351074E2
9.617888140E1,9.977344971E2
9.621888599E1,9.977285156E2
9.625888286E1,9.977216797E2
9.629887734E1,9.977258911E2
9.633888208E1,9.977238770E2
9.637887505E1,9.977202759E2
9.641887640E1,9.977261963E2
9.645888140E1,9.977125854E2
9.649887317E1,9.977102661E2
9.653887953E1,9.977055664E2
9.657887984E1,9.977210693E2
9.661888005E1,9.977088623E2
9.665887380E1,9.977271118E2
9.669888541E1,9.977351074E2
9.673888359E1,9.977286987E2
9.677889244E1,9.977445068E2
9.681886401E1,9.977239990E2
9.685887734E1,9.977465210E2
9.689888099E1,9.977238770E2
9.693888130E1,9.977049561E2
9.697888724E1,9.977322998E2
9.701887666E1,9.977313232E2
9.705888172E1,9.977227783E2
9.709887755E1,9.977293091E2
9.713887875E1,9.977421265E2
9.717888349E1,9.977167969E2
9.721888359E1,9.977487183E2
9.725887817E1,9.977580566E2
9.729887744E1,9.977415161E2
9.733887463E1,9.977435303E2
9.737887484E1,9.977427368E2
9.741887901E1,9.977272949E2
9.745887369E1,9.977210693E2
9.749888307E1,9.977082520E2
9.753889041E1,9.977107544E2
9.757887859E1,9.977167969E2
9.761888255E1,9.977194824E2
9.765887869E1,9.977421265E2
9.769888416E1,9.977390137E2
9.773887849E1,9.977562256E2
9.777887724E1,9.977368164E2
9.781888140E1,9.977307129E2
9.785888119E1,9.977402344E2
9.789888317E1,9.977191772E2
9.793887755E1,9.977177734E2
9.797889109E1,9.977316895E2
9.801888828E1,9.977265015E2
9.805889119E1,9.977333984E2
9.809887724E1,9.977258911E2
9.813888005E1,9.977224731E2
9.817888932E1,9.977480469E2
9.821888750E1,9.977443237E2
9.825887474E1,9.977466431E2
9.829887630E1,9.977437134E2
9.833887661E1,9.977412109E2
9.837887536E1,9.977194824E2
9.841888849E1,9.977357178E2
9.845888047E1,9.977286987E2
9.849888099E1,9.977192993E2
9.853888041E1,9.977384033E2
9.857887875E1,9.977343140E2
9.861889359E1,9.977316895E2
9.865888088E1,9.977276001E2
9.869887880E1,9.977459106E2
9.873887963E1,9.977607422E2
9.877887442E1,9.977424316E2
9.881887505E1,9.977482300E2
9.885887640E1,9.977307129E2
9.889887807E1,9.977229004E2
9.893888869E1,9.977330933E2
9.897888578E1,9.977266846E2
9.901887765E1,9.977327881E2
9.905888901E1,9.977221069E2
9.909888099E1,9.977368164E2
9.913887724E1,9.977340088E2
9.917887557E1,9.977466431E2
9.921888000E1,9.977451172E2
9.925887567E1,9.977294922E2
9.929887755E1,9.977412109E2
9.933887765E1,9.977488403E2
9.937888588E1,9.977254028E2
9.941888651E1,9.977272949E2
9.945888151E1,9.977310181E2
9.949887807E1,9.977388306E2
9.953887526E1,9.977462158E2
9.957887734E1,9.977501221E2
9.961887708E1,9.977454224E2
9.965887432E1,9.977590332E2
9.969887213E1,9.977532349E2
9.973887672E1,9.977410278E2
9.977887890E1,9.977432251E2
9.981887672E1,9.977590332E2
9.985888151E1,9.977388306E2
9.989887838E1,9.977359009E2
9.993888109E1,9.977448120E2
9.997888515E1,9.977368164E2
1.000188831E2,9.977388306E2
1.000588837E2,9.977348022E2
1.000988763E2,9.977643433E2
1.001389003E2,9.977544556E2
1.001788787E2,9.977555542E2
1.002188811E2,9.977549438E2
1.002588755E2,9.977599487E2
1.002988807E2,9.977579346E2
1.003388855E2,9.977468262E2
1.003788778E2,9.977274170E2
1.004188831E2,9.977352295E2
1.004588843E2,9.977590332E2
1.004988838E2,9.977532349E2
1.005388796E2,9.977225952E2
1.005788796E2,9.977490234E2
1.006188888E2,9.977402344E2
1.006588796E2,9.977610474E2
1.006988786E2,9.977643433E2
1.007388771E2,9.977416382E2
1.007788940E2,9.977393188E2
1.008188857E2,9.977395020E2
1.008588785E2,9.977440186E2
1.008988950E2,9.977363281E2
1.009388923E2,9.977297974E2
1.009788761E2,9.977494507E2
1.010188809E2,9.977527466E2
1.010588857E2,9.977398071E2
1.010988792E2,9.977558594E2
1.011388810E2,9.977406006E2
1.011788807E2,9.977485352E2
1.012188834E2,9.977418213E2
1.012588894E2,9.977494507E2
1.012988904E2,9.977415161E2
1.013388884E2,9.977276001E2
1.013788838E2,9.977519531E2
1.014188908E2,9.977529297E2
1.014588862E2,9.977412109E2
1.014988873E2,9.977476196E2
1.015388813E2,9.977460327E2
1.015788743E2,9.977521362E2
1.016188778E2,9.977515259E2
1.016588748E2,9.977633667E2
1.016988800E2,9.977590332E2
1.017388819E2,9.977434082E2
1.017788789E2,9.977524414E2
1.018188792E2,9.977268066E2
1.018588795E2,9.977305908E2
1.018988859E2,9.977496338E2
1.019388870E2,9.977420044E2
1.019788762E2,9.977590332E2
1.020188778E2,9.977465210E2
1.020588746E2,9.977498169E2
1.020988723E2,9.977580566E2
1.021388768E2,9.977742920E2
1.021788779E2,9.977521362E2
1.022188832E2,9.977490234E2
1.022588807E2,9.977621460E2
1.022988742E2,9.977601318E2
1.023388756E2,9.977480469E2
1.023788759E2,9.977434082E2
1.024188802E2,9.977468262E2
1.024588850E2,9.977491455E2
1.024988843E2,9.977569580E2
1.025388734E2,9.977593384E2
1.025788806E2,9.977708740E2
1.026188828E2,9.977480469E2
1.026588759E2,9.977674561E2
1.026988835E2,9.977544556E2
1.027388817E2,9.977333984E2
1.027788829E2,9.977530518E2
1.028188879E2,9.977594604E2
1.028588755E2,9.977477417E2
1.028988825E2,9.977468262E2
1.029388769E2,9.977443237E2
1.029788756E2,9.977630615E2
1.030188721E2,9.977565308E2
1.030588757E2,9.977593384E2
1.030988742E2,9.977697754E2
1.031388828E2,9.977576294E2
1.031788804E2,9.977544556E2
1.032188757E2,9.977716675E2
1.032588846E2,9.977579346E2
1.032988757E2,9.977471313E2
1.033388635E2,9.977732544E2
1.033788763E2,9.977527466E2
1.034188808E2,9.977527466E2
1.034588797E2,9.977541504E2
1.034988773E2,9.977505493E2
1.035388764E2,9.977722778E2
1.035788778E2,9.977735596E2
1.036188704E2,9.977714844E2
1.036588800E2,9.977789917E2
1.036988808E2,9.977546387E2
1.037388744E2,9.977689819E2
1.037788814E2,9.977669678E2
1.038188831E2,9.977508545E2
1.038588867E2,9.977664795E2
1.038988843E2,9.977664795E2
1.039388832E2,9.977649536E2
1.039788758E2,9.977724609E2
1.040188744E2,9.977697754E2
1.040588760E2,9.977877808E2
1.040988791E2,9.977805786E2
1.041388938E2,9.977896118E2
1.041788807E2,9.977718506E2
1.042188817E2,9.977735596E2
1.042588908E2,9.977788696E2
1.042988764E2,9.977569580E2
1.043388838E2,9.977741699E2
1.043788825E2,9.977474365E2
1.044188752E2,9.977652588E2
1.044588734E2,9.977613525E2
1.044988773E2,9.977702637E2
1.045388755E2,9.977858887E2
1.045788875E2,9.977847900E2
1.046188793E2,9.977879028E2
1.046588829E2,9.977707520E2
1.046988874E2,9.977780762E2
1.047388904E2,9.977775879E2
1.047788796E2,9.977755737E2
1.048188778E2,9.977661743E2
1.048588765E2,9.977839966E2
1.048988803E2,9.977661743E2
1.049388680E2,9.977758789E2
1.049788773E2,9.977685547E2
1.050188777E2,9.977807007E2
1.050588796E2,9.977838745E2
1.050988762E2,9.977789917E2
1.051388762E2,9.977814941E2
1.051788840E2,9.977875977E2
1.052188781E2,9.977760620E2
1.052588731E2,9.977685547E2
1.052988862E2,9.977713623E2
1.053388777E2,9.977590332E2
1.053788773E2,9.977758789E2
1.054188752E2,9.977749634E2
1.054588800E2,9.977685547E2
1.054988859E2,9.977716675E2
1.055388797E2,9.977863770E2
1.055788740E2,9.977922974E2
1.056188875E2,9.977882080E2
1.056588788E2,9.977719727E2
1.056988846E2,9.977780762E2
1.057388853E2,9.977590332E2
1.057788792E2,9.977577515E2
1.058188804E2,9.977652588E2
1.058588774E2,9.977689819E2
1.058988759E2,9.977847900E2
1.059388754E2,9.977691650E2
1.059788778E2,9.977761841E2
1.060188823E2,9.977718506E2
1.060588825E2,9.977767944E2
1.060988861E2,9.977891846E2
1.061388857E2,9.977799683E2
1.061788867E2,9.977908936E2
1.062188919E2,9.977635498E2
1.062588817E2,9.977716675E2
1.062988750E2,9.977722778E2
1.063388755E2,9.977580566E2
1.063788805E2,9.977725830E2
1.064188775E2,9.977786865E2
1.064588748E2,9.977828979E2
1.064988843E2,9.977869873E2
1.065388799E2,9.977971191E2
1.065788836E2,9.977974243E2
1.066188828E2,9.977777710E2
1.066588817E2,9.977855835E2
1.066988817E2,9.977854004E2
1.067388755E2,9.977601318E2
1.067788819E2,9.977780762E2
1.068188768E2,9.977869873E2
1.068588734E2,9.977732544E2
1.068988787E2,9.977810669E2
1.069388889E2,9.977947998E2
1.069788885E2,9.978084106E2
1.070188836E2,9.977933960E2
1.070588783E2,9.977786865E2
1.070988828E2,9.977918091E2
1.071388814E2,9.977985229E2
1.071788843E2,9.977760620E2
1.072188828E2,9.977958984E2
1.072588795E2,9.977649536E2
1.072988786E2,9.977747803E2
1.073388836E2,9.977713623E2
1.073788798E2,9.977755737E2
1.074188874E2,9.977857056E2
1.074588760E2,9.978035278E2
1.074988772E2,9.977987061E2
1.075388783E2,9.978037109E2
1.075788779E2,9.977996216E2
1.076188769E2,9.977927856E2
1.076588757E2,9.977987061E2
1.076988888E2,9.977891846E2
1.077388793E2,9.977904053E2
1.077788833E2,9.977879028E2
1.078188739E2,9.977899170E2
1.078588825E2,9.977702637E2
1.078988729E2,9.977962036E2
1.079388853E2,9.978023071E2
1.079788759E2,9.977976074E2
1.080188822E2,9.978116455E2
1.080588774E2,9.978038330E2
1.080988834E2,9.977907104E2
1.081388778E2,9.978052368E2
1.081788864E2,9.977785645E2
1.082188796E2,9.977730713E2
1.082588739E2,9.978040161E2
1.082988763E2,9.977871094E2
1.083388900E2,9.978029175E2
1.083788768E2,9.977933960E2
1.084188753E2,9.977976074E2
1.084588763E2,9.977994995E2
1.084988887E2,9.978093262E2
1.085388962E2,9.977984009E2
1.085788846E2,9.977946167E2
1.086188929E2,9.977879028E2
1.086588700E2,9.978068237E2
1.086988861E2,9.977705688E2
1.087388778E2,9.977911987E2
1.087788823E2,9.977951050E2
1.088188843E2,9.977955933E2
1.088588898E2,9.977929077E2
1.088988850E2,9.977877808E2
1.089388879E2,9.977813721E2
1.089788832E2,9.977999268E2
1.090188779E2,9.978109131E2
1.090588729E2,9.978029175E2
1.090988807E2,9.977943115E2
1.091388784E2,9.977869873E2
1.091788805E2,9.977839966E2
1.092188642E2,9.977890015E2
1.092588785E2,9.977817993E2
1.092988882E2,9.977907104E2
1.093388833E2,9.977868042E2
1.093788756E2,9.977926025E2
1.094188904E2,9.978021240E2
1.094588746E2,9.977836914E2
1.094988754E2,9.977913818E2
1.095388820E2,9.977994995E2
1.095788832E2,9.978005981E2
1.096188769E2,9.977966919E2
1.096588772E2,9.977866821E2
1.096988767E2,9.977807007E2
1.097388734E2,9.977847900E2
1.097788791E2,9.978177490E2
1.098188871E2,9.978057251E2
1.098588805E2,9.978060303E2
1.098988930E2,9.978026123E2
1.099388878E2,9.978060303E2
1.099788938E2,9.978119507E2
1.100188886E2,9.978321533E2
1.100588777E2,9.978043213E2
1.100988825E2,9.978049316E2
1.101388744E2,9.977893066E2
1.101788777E2,9.977777710E2
1.102188841E2,9.977814941E2
1.102588936E2,9.977772827E2
1.102988910E2,9.977735596E2
1.103388829E2,9.977969971E2
1.103788815E2,9.977937012E2
1.104188804E2,9.977966919E2
1.104588862E2,9.978062134E2
1.104988895E2,9.977962036E2
1.105388883E2,9.978046265E2
1.105788728E2,9.977908936E2
1.106188858E2,9.978009033E2
1.106588798E2,9.977974243E2
1.106988906E2,9.977742920E2
1.107388895E2,9.977816772E2
1.107788848E2,9.977850952E2
1.108188775E2,9.977897949E2
1.108588840E2,9.977821045E2
1.108988833E2,9.977971191E2
1.109388825E2,9.978020020E2
1.109788928E2,9.978016357E2
1.110188930E2,9.978112183E2
1.110588804E2,9.978001099E2
1.110988847E2,9.978057251E2
1.111388822E2,9.977888794E2
1.111788828E2,9.978018188E2
1.112188671E2,9.977951050E2
1.112588765E2,9.978062134E2
1.112988835E2,9.977929077E2
1.113388877E2,9.977952881E2
1.113788825E2,9.978020020E2
1.114188793E2,9.978031006E2
1.114588871E2,9.978121338E2
1.114988802E2,9.978085327E2
1.115388649E2,9.978085327E2
1.115788786E2,9.977952881E2
1.116188830E2,9.977952881E2
1.116588802E2,9.977935181E2
1.116988783E2,9.977890015E2
1.117388892E2,9.977954102E2
1.117788938E2,9.978043213E2
1.118188899E2,9.977974243E2
1.118588809E2,9.977962036E2
1.118988900E2,9.977971191E2
1.119388963E2,9.978073120E2
1.119788830E2,9.978169556E2
1.120188863E2,9.978291626E2
1.120588778E2,9.978275757E2
1.120988815E2,9.978388672E2
1.121388775E2,9.978204346E2
1.121788869E2,9.977913818E2
1.122188833E2,9.978027344E2
1.122588853E2,9.977930908E2
1.122988887E2,9.977980957E2
1.123388779E2,9.978107300E2
1.123789614E2,9.977946167E2
1.124189018E2,9.978121338E2
1.124588943E2,9.978077393E2
1.124988740E2,9.978123169E2
1.125388996E2,9.978096313E2
1.125789067E2,9.978038330E2
1.126188875E2,9.978133545E2
1.126589087E2,9.977968140E2
1.126989140E2,9.977774658E2
1.127388800E2,9.977708740E2
1.127788986E2,9.978001099E2
1.128189096E2,9.977921143E2
1.128589059E2,9.977946167E2
1.128988669E2,9.977927856E2
1.129389153E2,9.977800903E2
1.129789032E2,9.978026123E2
1.130188997E2,9.978062134E2
1.130589053E2,9.978219604E2
1.130988963E2,9.978222656E2
1.131389062E2,9.978183594E2
1.131788815E2,9.977789917E2
1.132189168E2,9.977969971E2
1.132589210E2,9.978004150E2
1.132989067E2,9.977824707E2
1.133389055E2,9.977857056E2
1.133789164E2,9.977827759E2
1.134189012E2,9.978074341E2
1.134589040E2,9.978088379E2
1.134989007E2,9.978250732E2
1.135389270E2,9.978096313E2
1.135789080E2,9.977962036E2
1.136189068E2,9.977788696E2
1.136588730E2,9.978052368E2
1.136989186E2,9.977952881E2
1.137389113E2,9.977949219E2
1.137789198E2,9.977944946E2
1.138189143E2,9.977858887E2
1.138589100E2,9.978165283E2
1.138989029E2,9.978018188E2
1.139388958E2,9.978091431E2
1.139789056E2,9.978162231E2
1.140189208E2,9.978059082E2
1.140589207E2,9.978034058E2
1.140989191E2,9.977866821E2
1.141389165E2,9.978009033E2
1.141788699E2,9.977947998E2
1.142189468E2,9.977916870E2
1.142588996E2,9.977974243E2
1.142989194E2,9.978038330E2
1.143388775E2,9.977910156E2
1.143788931E2,9.978059082E2
1.144189039E2,9.978091431E2
1.144589024E2,9.978130493E2
1.144989105E2,9.977994995E2
1.145389008E2,9.978051147E2
1.145788635E2,9.978094482E2
1.146189139E2,9.978109131E2
1.146588939E2,9.978229370E2
1.146989304E2,9.978070068E2
1.147389078E2,9.977886963E2
1.147789048E2,9.978045044E2
1.148188817E2,9.978177490E2
1.148589025E2,9.978055420E2
1.148988660E2,9.978040161E2
1.149389135E2,9.978180542E2
1.149788796E2,9.978190308E2
1.150189147E2,9.978144531E2
1.150588971E2,9.978174438E2
1.150989166E2,9.978057251E2
1.151389054E2,9.978160400E2
1.151789118E2,9.977921143E2
1.152188730E2,9.977897949E2
1.152589067E2,9.978055420E2
1.152989004E2,9.978099365E2
1.153389063E2,9.977913818E2
1.153789020E2,9.977954102E2
1.154189054E2,9.978005981E2
1.154589033E2,9.978171387E2
1.154988992E2,9.978158569E2
1.155389034E2,9.978218384E2
1.155788913E2,9.978130493E2
1.156189209E2,9.978074341E2
1.156589025E2,9.978180542E2
1.156989158E2,9.977977295E2
1.157389075E2,9.978007202E2
1.157789067E2,9.978055420E2
1.158189143E2,9.978024292E2
1.158589049E2,9.977922974E2
1.158989021E2,9.977974243E2
1.159389136E2,9.978187256E2
1.159789158E2,9.978140259E2
1.160189229E2,9.978327637E2
1.160589053E2,9.978344727E2
1.160989107E2,9.978377686E2
1.161389205E2,9.978197632E2
1.161789130E2,9.978294678E2
1.162189107E2,9.978016357E2
1.162588775E2,9.977932129E2
1.162988994E2,9.978324585E2
1.163389094E2,9.978121338E2
1.163789000E2,9.978077393E2
1.164189124E2,9.977999268E2
1.164589042E2,9.977905884E2
1.164989097E2,9.978113403E2
1.165389090E2,9.978230591E2
1.165789244E2,9.978347778E2
1.166188855E2,9.978193359E2
1.166588963E2,9.978115234E2
1.166989680E2,9.978005981E2
1.167389037E2,9.977817993E2
1.167789030E2,9.977866821E2
1.168189005E2,9.977949219E2
1.168589060E2,9.977966919E2
1.168989015E2,9.977902832E2
1.169389041E2,9.977885132E2
1.169789192E2,9.978098145E2
1.170189182E2,9.978166504E2
1.170589142E2,9.978222656E2
1.170989063E2,9.978166504E2
1.171389160E2,9.978463745E2
1.171789075E2,9.978126221E2
1.172188779E2,9.977994995E2
1.172588946E2,9.977951050E2
1.172989017E2,9.977697754E2
1.173389072E2,9.978012085E2
1.173789108E2,9.977990112E2
1.174188988E2,9.978004150E2
1.174589130E2,9.978137207E2
1.174988765E2,9.978265381E2
1.175389109E2,9.978210449E2
1.175789071E2,9.978193359E2
1.176189095E2,9.978137207E2
1.176589018E2,9.978265381E2
1.176989099E2,9.978126221E2
1.177389090E2,9.977933960E2
1.177789136E2,9.978057251E2
1.178189018E2,9.977968140E2
1.178589145E2,9.977819824E2
1.178989129E2,9.978110352E2
1.179389779E2,9.978054199E2
1.179789610E2,9.978041382E2
1.180189661E2,9.978235474E2
1.180589139E2,9.978201294E2
1.180988997E2,9.978297729E2
1.181389031E2,9.978328857E2
1.181789010E2,9.978105469E2
1.182189127E2,9.978187256E2
1.182589056E2,9.978141479E2
1.182989161E2,9.978057251E2
1.183389030E2,9.978162231E2
1.183789081E2,9.978177490E2
1.184189158E2,9.978070068E2
1.184589012E2,9.978035278E2
1.184989082E2,9.978040161E2
1.185389202E2,9.978119507E2
1.185789197E2,9.978168335E2
1.186189042E2,9.978096313E2
1.186589539E2,9.978160400E2
1.186989632E2,9.978277588E2
1.187389042E2,9.978201294E2
1.187789052E2,9.978171387E2
1.188188989E2,9.978051147E2
1.188589089E2,9.977998047E2
1.188989189E2,9.978074341E2
1.189389253E2,9.978165283E2
1.189789082E2,9.978043213E2
1.190189048E2,9.978233643E2
1.190589081E2,9.978080444E2
1.190989022E2,9.978098145E2
1.191389119E2,9.978252563E2
1.191789072E2,9.978149414E2
1.192189196E2,9.978247681E2
1.192589113E2,9.978254395E2
1.192989112E2,9.977943115E2
1.193389152E2,9.977711792E2
1.193789247E2,9.977897949E2
1.194189185E2,9.977980957E2
1.194589199E2,9.977839966E2
1.194989090E2,9.977901001E2
1.195389071E2,9.977861938E2
1.195789054E2,9.977968140E2
1.196189078E2,9.978054199E2
1.196589143E2,9.978246460E2
1.196989782E2,9.978174438E2
1.197389093E2,9.977951050E2
1.197789268E2,9.978024292E2
1.198189020E2,9.978179321E2
1.198588914E2,9.977963257E2
1.198989010E2,9.977846069E2
1.199388969E2,9.977927856E2
1.199788919E2,9.977973022E2
1.200188902E2,9.978012085E2
1.200588811E2,9.978054199E2
1.200988860E2,9.978127441E2
1.201388878E2,9.978144531E2
1.201788879E2,9.978250732E2
1.202188911E2,9.978226318E2
1.202588936E2,9.978155518E2
1.202988890E2,9.978240356E2
1.203388967E2,9.978127441E2
1.203788925E2,9.978001099E2
1.204188840E2,9.978076172E2
1.204588863E2,9.978091431E2
1.204988903E2,9.978020020E2
1.205388903E2,9.978193359E2
1.205788932E2,9.977971191E2
1.206188865E2,9.978204346E2
1.206588853E2,9.978219604E2
1.206988879E2,9.978207397E2
1.207388897E2,9.978216553E2
1.207788910E2,9.978279419E2
1.208189007E2,9.978521118E2
1.208588860E2,9.978554077E2
1.208989017E2,9.978268433E2
1.209388956E2,9.978210449E2
1.209788839E2,9.978090210E2
1.210188893E2,9.978155518E2
1.210588822E2,9.978277588E2
1.210988695E2,9.978266602E2
1.211389002E2,9.978364868E2
1.211788890E2,9.978469849E2
1.212189000E2,9.978594971E2
1.212588967E2,9.978271484E2
1.212988913E2,9.978288574E2
1.213388952E2,9.978098145E2
1.213789006E2,9.977996216E2
1.214188983E2,9.978182373E2
1.214588832E2,9.978176270E2
1.214988870E2,9.978026123E2
1.215388810E2,9.978073120E2
1.215788939E2,9.978127441E2
1.216188995E2,9.978335571E2
1.216588840E2,9.978280640E2
1.216988995E2,9.978252563E2
1.217388886E2,9.978328857E2
1.217788914E2,9.978283691E2
1.218188871E2,9.978339844E2
1.218588865E2,9.978229370E2
1.218988851E2,9.978230591E2
1.219388854E2,9.978163452E2
1.219788824E2,9.978233643E2
1.220188861E2,9.978330688E2
1.220588946E2,9.978182373E2
1.220988881E2,9.978297729E2
1.221388929E2,9.978277588E2
1.221788894E2,9.978271484E2
1.222188984E2,9.978133545E2
1.222588944E2,9.978480835E2
1.222988908E2,9.978316650E2
1.223388964E2,9.978127441E2
1.223788879E2,9.978177490E2
1.224188856E2,9.978023071E2
1.224588895E2,9.978112183E2
1.224988842E2,9.977913818E2
1.225388869E2,9.978118286E2
1.225788886E2,9.978197632E2
1.226188852E2,9.978230591E2
1.226588845E2,9.978172607E2
1.226988992E2,9.978361816E2
1.227388895E2,9.978236694E2
1.227788907E2,9.978271484E2
1.228188949E2,9.978160400E2
1.228588889E2,9.978266602E2
1.228988908E2,9.978330688E2
1.229388882E2,9.978165283E2
1.229788865E2,9.978199463E2
1.230188949E2,9.978088379E2
1.230588960E2,9.978165283E2
1.230988939E2,9.978193359E2
1.231388914E2,9.978070068E2
1.231788922E2,9.978032227E2
1.232188934E2,9.978197632E2
1.232588849E2,9.977977295E2
1.232988972E2,9.977949219E2
1.233388865E2,9.978034058E2
1.233788857E2,9.978165283E2
1.234188854E2,9.978010254E2
1.234589162E2,9.977971191E2
1.234989181E2,9.978074341E2
1.235389210E2,9.977951050E2
1.235789217E2,9.977960205E2
1.236189111E2,9.977980957E2
1.236589196E2,9.977980957E2
1.236989103E2,9.978166504E2
1.237389274E2,9.978211670E2
1.237789245E2,9.978444824E2
1.238189079E2,9.978516846E2
1.238589056E2,9.978344727E2
1.238990739E2,9.978082275E2
1.239389140E2,9.978246460E2
1.239789121E2,9.978093262E2
1.240189174E2,9.977843018E2
1.240589028E2,9.978065186E2
1.240989219E2,9.977932129E2
1.241389142E2,9.978094482E2
1.241789301E2,9.978249512E2
1.242189090E2,9.978149414E2
1.242589332E2,9.978246460E2
1.242989129E2,9.978066406E2
1.243389103E2,9.978232422E2
1.243789089E2,9.978250732E2
1.244189285E2,9.978271484E2
1.244589134E2,9.978012085E2
1.244989112E2,9.977935181E2
1.245389131E2,9.977974243E2
1.245789299E2,9.978202515E2
1.246189117E2,9.977988281E2
1.246589136E2,9.977888794E2
1.246989910E2,9.978154297E2
1.247389032E2,9.978084106E2
1.247789089E2,9.978204346E2
1.248189147E2,9.978229370E2
1.248589107E2,9.978289795E2
1.248989250E2,9.978218384E2
1.249389651E2,9.978171387E2
1.249789605E2,9.978366699E2
1.250189117E2,9.978199463E2
1.250589121E2,9.978140259E2
1.250989681E2,9.978172607E2
1.251389893E2,9.978101196E2
1.251789076E2,9.978197632E2
1.252189637E2,9.978045044E2
1.252589612E2,9.978091431E2
1.252989668E2,9.978055420E2
1.253389575E2,9.978141479E2
1.253789774E2,9.978307495E2
1.254189556E2,9.978012085E2
1.254589933E2,9.978110352E2
1.254989074E2,9.978215332E2
1.255389264E2,9.978059082E2
1.255789339E2,9.978049316E2
1.256189246E2,9.978074341E2
1.256589085E2,9.978057251E2
1.256989638E2,9.977891846E2
1.257389585E2,9.978113403E2
1.257789108E2,9.978082275E2
1.258189140E2,9.978032227E2
1.258589809E2,9.977999268E2
1.258989230E2,9.978107300E2
1.259389187E2,9.978077393E2
1.259789246E2,9.977977295E2
1.260189081E2,9.977994995E2
1.260589162E2,9.977847900E2
1.260989060E2,9.977980957E2
1.261389179E2,9.978213501E2
1.261789110E2,9.978098145E2
1.262189100E2,9.978107300E2
1.262589032E2,9.978123169E2
1.262989033E2,9.978109131E2
1.263389051E2,9.978135376E2
1.263789235E2,9.977973022E2
1.264189127E2,9.978037109E2
1.264589181E2,9.978054199E2
1.264989182E2,9.978135376E2
1.265389314E2,9.978031006E2
1.265789292E2,9.978085327E2
1.266189197E2,9.978187256E2
1.266589170E2,9.977969971E2
1.266989629E2,9.978051147E2
1.267389011E2,9.978135376E2
1.267789148E2,9.977996216E2
1.268189178E2,9.978138428E2
1.268589222E2,9.978113403E2
1.268989349E2,9.977998047E2
1.269389069E2,9.977897949E2
1.269789157E2,9.978002319E2
1.270189225E2,9.977943115E2
1.270588944E2,9.977985229E2
1.270989025E2,9.977966919E2
1.271389089E2,9.978015137E2
1.271789094E2,9.978090210E2
1.272188927E2,9.978009033E2
1.272589128E2,9.977896118E2
1.272989199E2,9.978034058E2
1.273389245E2,9.978055420E2
1.273789162E2,9.978115234E2
1.274189162E2,9.977947998E2
1.274589135E2,9.977830811E2
1.274989070E2,9.978275757E2
1.275389204E2,9.978311768E2
1.275789157E2,9.978344727E2
1.276188732E2,9.978403931E2
1.276589268E2,9.978260498E2
1.276988862E2,9.978325806E2
1.277388829E2,9.978299561E2
1.277788861E2,9.978193359E2
1.278188824E2,9.978282471E2
1.278588918E2,9.978325806E2
1.278988854E2,9.978082275E2
1.279388803E2,9.978143311E2
1.279788910E2,9.978123169E2
1.280188853E2,9.978132324E2
1.280588849E2,9.978124390E2
1.280988876E2,9.978082275E2
1.281388884E2,9.978143311E2
1.281788871E2,9.978038330E2
1.282188934E2,9.978157349E2
1.282588810E2,9.978138428E2
1.282988927E2,9.978124390E2
1.283388992E2,9.978041382E2
1.283788848E2,9.978169556E2
1.284188835E2,9.978205566E2
1.284588912E2,9.978336792E2
1.284988852E2,9.978286743E2
1.285388807E2,9.978347778E2
1.285788860E2,9.978438721E2
1.286188839E2,9.978226318E2
1.286588827E2,9.977688599E2
1.286988822E2,9.977591553E2
1.287388886E2,9.978059082E2
1.287788864E2,9.978163452E2
1.288188845E2,9.977816772E2
1.288588892E2,9.978031006E2
1.288988922E2,9.978210449E2
1.289388899E2,9.977996216E2
1.289788876E2,9.978029175E2
1.290188842E2,9.978127441E2
1.290588926E2,9.977852783E2
1.290988862E2,9.977969971E2
1.291388874E2,9.977926025E2
1.291788964E2,9.977832031E2
1.292188986E2,9.977858887E2
1.292588922E2,9.978045044E2
1.292988950E2,9.977973022E2
1.293388895E2,9.977822876E2
1.293788854E2,9.978070068E2
1.294189022E2,9.978005981E2
1.294588943E2,9.977871094E2
1.294988819E2,9.977803955E2
1.295388839E2,9.977938232E2
1.295788859E2,9.977919922E2
1.296188967E2,9.977982178E2
1.296588915E2,9.977696533E2
1.296989019E2,9.977855835E2
1.297388851E2,9.977858887E2
1.297788922E2,9.977879028E2
1.298188968E2,9.977601318E2
1.298588892E2,9.977744751E2
1.298988989E2,9.977937012E2
1.299388871E2,9.977885132E2
1.299788907E2,9.977885132E2
1.300188858E2,9.977769775E2
1.300588864E2,9.977724609E2
1.300988919E2,9.977871094E2
1.301388936E2,9.977924194E2
1.301788968E2,9.977843018E2
1.302188905E2,9.977901001E2
1.302588922E2,9.977907104E2
1.302988933E2,9.977752686E2
1.303388917E2,9.977891846E2
1.303788857E2,9.978049316E2
1.304188856E2,9.977760620E2
1.304588867E2,9.977839966E2
1.304988884E2,9.977847900E2
1.305388860E2,9.977797852E2
1.305788863E2,9.977957153E2
1.306188827E2,9.977822876E2
1.306588885E2,9.977835693E2
1.306988895E2,9.977830811E2
