"Time (s)","Linear Acceleration x (m/s^2)","Linear Acceleration y (m/s^2)","Linear Acceleration z (m/s^2)"
1.092702300E-2,1.027989984E-1,9.331600368E-2,-6.961200237E-1
3.097071200E-2,3.441699967E-2,-8.970600367E-2,-1.392800063E-1
5.101433100E-2,-1.597280055E-1,-1.036560014E-1,2.013929933E-1
7.105810500E-2,-4.896999896E-2,-1.773470044E-1,1.369059980E-1
9.110178400E-2,-3.152199835E-2,-1.170900017E-1,3.947440088E-1
1.111454830E-1,-1.451199949E-1,4.736300185E-2,1.337549984E-1
1.311891880E-1,-5.885599926E-2,1.452009976E-1,-1.014069989E-1
1.512328680E-1,-1.113250032E-1,1.633380055E-1,-1.212019995E-1
1.712765440E-1,-1.341650039E-1,1.034659967E-1,8.844599873E-2
1.913202350E-1,3.102399968E-2,-2.012800053E-2,-1.379300058E-1
2.113639160E-1,-2.085099928E-2,3.853699937E-2,-1.050959975E-1
2.314076070E-1,5.939200148E-2,-8.932299912E-2,9.629900008E-2
2.514513130E-1,4.702199996E-2,-2.561140060E-1,-2.961249948E-1
2.714949910E-1,1.863739938E-1,-2.697800100E-1,4.477069974E-1
2.915389130E-1,4.406499863E-2,-3.143500164E-2,-2.186200023E-2
3.115823810E-1,1.880000054E-4,1.054480001E-1,5.538330078E-1
3.316260570E-1,7.927300036E-2,4.951899871E-2,1.246910021E-1
3.516697440E-1,-2.352260053E-1,-2.146100067E-2,3.912549913E-1
3.717136670E-1,-3.788050115E-1,1.517090052E-1,7.921019793E-1
3.917571310E-1,2.800010145E-1,-6.580299884E-2,-3.183549941E-1
4.118008260E-1,-1.845829934E-1,2.008569986E-1,-3.611600026E-2
4.318445240E-1,6.184900180E-2,-5.017599836E-2,8.744099736E-2
4.518882010E-1,2.124760002E-1,-1.610610038E-1,-2.794849873E-1
4.719321490E-1,-3.408040106E-1,4.550100118E-2,-2.685590088E-1
4.919756130E-1,-8.176500350E-2,1.193440035E-1,-3.214599937E-2
5.120193130E-1,3.929999948E-4,1.304430068E-1,2.837299928E-2
5.320630190E-1,3.400800005E-2,-4.381100088E-2,-4.898209870E-1
5.521069270E-1,-3.543300182E-2,-3.863099962E-2,-1.159960032E-1
5.721503860E-1,-2.581899986E-2,-3.596999869E-2,2.994720042E-1
5.921940760E-1,-1.724269986E-1,1.838770062E-1,8.890499920E-2
6.122379960E-1,-4.774500057E-2,1.631679982E-1,-3.067710102E-1
6.322816700E-1,1.050909981E-1,-6.885299832E-2,5.826799944E-2
6.523253620E-1,2.526659966E-1,-3.422399983E-2,-6.185900047E-2
6.723690460E-1,2.405380011E-1,-1.879619956E-1,-1.530600041E-1
6.924127230E-1,4.918980002E-1,-2.547610104E-1,1.625490040E-1
7.124561850E-1,3.260259926E-1,-3.275820017E-1,1.162159964E-1
7.325001160E-1,-1.210059971E-1,5.326899886E-2,-6.486699730E-2
7.525435740E-1,-1.650239974E-1,1.510549933E-1,3.205290139E-1
7.725872840E-1,1.315850019E-1,-1.147319973E-1,2.127600089E-2
7.926311880E-1,-1.307400018E-1,-5.801999941E-3,1.014730036E-1
8.126748960E-1,-1.535609961E-1,-6.674000062E-3,4.028199986E-2
8.327185880E-1,4.006089866E-1,-2.933340073E-1,2.282139957E-1
8.527622810E-1,-2.957899868E-1,2.438679934E-1,2.501769960E-1
8.728059780E-1,-2.007389963E-1,1.957730055E-1,1.394419968E-1
8.928494400E-1,3.997100145E-2,4.680000129E-4,-3.746449947E-1
9.128931350E-1,-1.042070016E-1,8.468600363E-2,-2.856779993E-1
9.329370480E-1,-4.806660116E-1,4.347560108E-1,-5.513910055E-1
9.529805310E-1,2.156720012E-1,-9.886399657E-2,-2.172559947E-1
9.730242210E-1,2.728810012E-1,-2.887929976E-1,3.358469903E-1
9.930681580E-1,3.035950065E-1,-4.065859914E-1,1.009865999E0
1.013111867E0,-1.370159984E-1,3.113400005E-2,3.375399858E-2
1.033155549E0,-7.349599898E-2,1.524959952E-1,-6.818299741E-2
1.053199228E0,3.708200157E-2,5.347200111E-2,5.924500152E-2
1.073242921E0,-4.218969941E-1,3.746759892E-1,-8.030600101E-2
1.093286377E0,-3.459860086E-1,3.370620012E-1,-2.780509889E-1
1.113330287E0,4.922199994E-2,-4.652000032E-3,5.466319919E-1
1.133373751E0,-8.155100048E-2,6.936999969E-3,3.583450019E-1
1.153417446E0,5.667199939E-2,7.234999910E-3,-2.692840099E-1
1.173461354E0,2.778649926E-1,-1.907809973E-1,-1.271390021E-1
1.193504833E0,6.906260252E-1,-4.043999910E-1,4.352830052E-1
1.213548528E0,-2.194239944E-1,4.004000127E-2,1.016540006E-1
1.233592201E0,-3.651300073E-2,5.400999915E-3,8.103600144E-2
1.253635893E0,4.087100178E-2,-7.909200341E-2,-1.100730002E-1
1.273679561E0,-1.135300025E-1,2.859300002E-2,-1.896299981E-2
1.293723471E0,-1.028999966E-2,4.251899943E-2,-5.683799833E-2
1.313766924E0,-1.389000006E-2,-1.047000010E-2,2.885900065E-2
1.333810615E0,-5.705400184E-2,-3.807700053E-2,2.745079994E-1
1.353854552E0,-7.052300125E-2,1.139300037E-2,1.911029965E-1
1.373898044E0,-1.251200028E-2,2.954600006E-2,-6.205600128E-2
1.393941740E0,2.048099972E-2,-2.327300049E-2,-1.695670038E-1
1.413985432E0,-3.542400151E-2,4.131200165E-2,-7.654900104E-2
1.434029139E0,-1.097199973E-2,7.311999798E-2,1.582510024E-1
1.454072827E0,7.716000080E-3,9.684299678E-2,-4.923599958E-2
1.474116519E0,-2.074600011E-2,7.940600067E-2,8.913800120E-2
1.494160211E0,-5.353400111E-2,3.450300172E-2,4.148899913E-1
1.514203904E0,3.763800114E-2,-8.026699722E-2,5.422279835E-1
1.534247591E0,8.113399893E-2,-2.112350017E-1,8.197979927E-1
1.554291293E0,4.344199970E-2,-1.443189979E-1,9.714729786E-1
1.574334981E0,-9.935600311E-2,-2.228900045E-2,7.044559717E-1
1.594378692E0,-1.052350029E-1,7.124099880E-2,5.706239939E-1
1.614422409E0,1.504200045E-2,9.600699693E-2,4.438120127E-1
1.634466111E0,-1.288810074E-1,2.472459972E-1,1.556479931E-1
1.654509798E0,-1.116229966E-1,2.478699982E-1,-9.592000395E-3
1.674553477E0,1.632600091E-2,1.836210042E-1,2.559999994E-4
1.694597140E0,-3.653800115E-2,1.619089991E-1,4.393000156E-3
1.714640827E0,-3.194100037E-2,1.220699996E-1,1.002500020E-2
1.734684520E0,1.137759984E-1,-4.048800096E-2,8.054900169E-2
1.754728212E0,-1.338800043E-2,-9.844000451E-3,6.107800081E-2
1.774771909E0,5.517200008E-2,-4.747999832E-2,4.824800044E-2
1.794815587E0,1.345259994E-1,-1.626179963E-1,6.586500257E-2
1.814859218E0,-5.626999773E-3,-5.930700153E-2,-6.278099865E-2
1.834903000E0,-3.005700000E-2,-4.520399868E-2,-5.145100132E-2
1.854946608E0,1.797600091E-2,-1.367470026E-1,4.234020114E-1
1.874990380E0,-8.055599779E-2,-1.059449986E-1,5.923709869E-1
1.895034017E0,-3.220300004E-2,-1.815499924E-2,3.370609879E-1
1.915077697E0,-8.544299752E-2,1.560319960E-1,1.709969938E-1
1.935121380E0,-1.016300023E-1,9.034399688E-2,4.647330046E-1
1.955165087E0,-3.137100115E-2,8.124899864E-2,8.975359797E-1
1.975208755E0,-1.204899978E-2,1.697960049E-1,6.224489808E-1
1.995252476E0,1.243900042E-2,1.950020045E-1,6.710410118E-1
2.015296150E0,9.370999783E-2,1.208430007E-1,7.079439759E-1
2.035339846E0,3.276500106E-2,1.488839984E-1,6.082360148E-1
2.055383524E0,-1.917500049E-2,1.092170030E-1,4.919529855E-1
2.075427217E0,3.587200120E-2,7.232099771E-2,5.589240193E-1
2.095470889E0,3.658999875E-2,4.760000110E-2,7.117890120E-1
2.115514596E0,-3.990000114E-2,8.518599719E-2,6.487690210E-1
2.135558274E0,-2.164700069E-2,-1.818599924E-2,8.084130287E-1
2.155601957E0,4.040699825E-2,2.554900013E-2,7.142210007E-1
2.175645678E0,-1.860000007E-2,4.729299992E-2,6.754770279E-1
2.195689141E0,7.112800330E-2,-3.531000018E-2,6.884229779E-1
2.215733048E0,7.326699793E-2,-1.393199991E-2,7.642400265E-1
2.235776757E0,-7.227399945E-2,8.376999944E-2,6.319919825E-1
2.255820223E0,8.493999951E-3,6.885000318E-2,6.648039818E-1
2.275864125E0,2.576900087E-2,1.463599969E-2,8.295900226E-1
2.295907603E0,-1.100429967E-1,9.609799832E-2,9.051929712E-1
2.315951279E0,2.174899913E-2,5.402500182E-2,9.360569715E-1
2.335994986E0,-2.198700048E-2,1.376399994E-1,7.905960083E-1
2.356038909E0,-5.114600062E-2,1.507869959E-1,8.004779816E-1
2.376082367E0,2.915900014E-2,7.153300196E-2,9.775789976E-1
2.396126058E0,-8.764199913E-2,9.133300185E-2,1.094853044E0
2.416169760E0,-3.741899878E-2,1.026439965E-1,9.278270006E-1
2.436213437E0,-1.006199978E-2,1.196930036E-1,9.256430268E-1
2.456257140E0,-7.700300217E-2,8.128400147E-2,9.374340177E-1
2.476300822E0,-6.549999816E-4,4.598100111E-2,1.037127018E0
2.496344500E0,4.171299934E-2,2.931700088E-2,1.000795960E0
2.516388188E0,-2.877499908E-2,1.438869983E-1,8.407660127E-1
2.536431894E0,-1.396000036E-3,8.463700116E-2,7.326899767E-1
2.556475573E0,3.164799884E-2,1.650499925E-2,1.010349035E0
2.576519274E0,-7.668499649E-2,1.056279987E-1,9.139479995E-1
2.596562891E0,1.233899966E-2,5.222300068E-2,8.418670297E-1
2.616606578E0,1.984599978E-2,2.717499994E-2,1.085158944E0
2.636650274E0,9.092000313E-3,8.464100212E-2,1.022820950E0
2.656693971E0,1.567999949E-3,6.822600216E-2,9.027680159E-1
2.676737659E0,7.381799817E-2,5.642399937E-2,8.500279784E-1
2.696781370E0,5.973000079E-3,1.300150007E-1,8.167279959E-1
2.716825058E0,-6.429000199E-2,9.661699831E-2,8.121610284E-1
2.736868755E0,-2.885000082E-3,1.467899978E-2,8.520179987E-1
2.756912461E0,2.528100088E-2,2.550500073E-2,9.760529995E-1
2.776956145E0,-3.990000114E-2,1.379629970E-1,8.868809938E-1
2.796999803E0,6.256899983E-2,5.855700001E-2,8.938999772E-1
2.817043490E0,8.695100248E-2,6.806399673E-2,9.727129936E-1
2.837087188E0,-3.014300019E-2,1.141780019E-1,8.767399788E-1
2.857130875E0,2.223099954E-2,1.413100027E-2,9.529910088E-1
2.877174582E0,1.515499968E-2,1.166999992E-2,1.021715999E0
2.897218041E0,-2.636500075E-2,7.245600224E-2,8.945779800E-1
2.917261740E0,1.040000003E-3,5.684699863E-2,7.176809907E-1
2.937305448E0,3.551600128E-2,5.350000039E-2,7.104369998E-1
2.957349140E0,-3.265000135E-2,2.679700032E-2,8.294979930E-1
2.977392846E0,-2.964100055E-2,2.043900080E-2,8.980699778E-1
2.997436529E0,6.146000233E-3,-2.640100010E-2,1.007115960E0
3.017480221E0,9.100999683E-3,1.360000024E-4,1.006111026E0
3.037523913E0,1.960499957E-2,-1.576000010E-3,9.886509776E-1
3.057567611E0,-1.281700004E-2,2.307000011E-2,8.590149879E-1
3.077611316E0,-5.929100141E-2,3.690699860E-2,8.088189960E-1
3.097655018E0,-6.839299947E-2,6.094599888E-2,7.421510220E-1
3.117698745E0,-1.066209972E-1,9.505099803E-2,7.086489797E-1
3.137742366E0,-3.841999918E-2,1.254600007E-2,8.068259954E-1
3.157786120E0,-4.928899929E-2,5.653899908E-2,8.658559918E-1
3.177829800E0,-2.254699916E-2,-2.291999990E-3,9.898099899E-1
3.197873491E0,8.372999728E-3,-2.725000028E-3,7.788209915E-1
3.217917103E0,2.795000095E-3,4.740099981E-2,7.808499932E-1
3.237960773E0,5.125899985E-2,3.044199944E-2,6.321939826E-1
3.258004457E0,7.395999972E-3,6.975899637E-2,7.013610005E-1
3.278048140E0,-7.337000221E-3,7.378499955E-2,8.402510285E-1
3.298091817E0,3.990099952E-2,6.175899878E-2,7.917500138E-1
3.318135509E0,5.322299898E-2,-1.084399968E-2,9.847080112E-1
3.338179207E0,2.523799986E-2,-5.770999938E-3,1.063141942E0
3.358222904E0,-1.577799954E-2,6.079300120E-2,7.878310084E-1
3.378266353E0,2.365000080E-3,5.394700170E-2,5.223320127E-1
3.398310029E0,-1.914099976E-2,7.606200129E-2,5.728579760E-1
3.418353721E0,-2.462100051E-2,1.099769995E-1,6.950809956E-1
3.438397390E0,-1.812100038E-2,1.167339981E-1,7.600340247E-1
3.458441082E0,-3.404999897E-2,6.904199719E-2,7.790420055E-1
3.478484784E0,2.191100083E-2,2.021300048E-2,8.960170150E-1
3.498528481E0,5.497400090E-2,-1.008000039E-2,8.046900034E-1
3.518572168E0,-2.601299994E-2,5.547099933E-2,6.778690219E-1
3.538615871E0,-3.068999946E-2,1.197979972E-1,6.063449979E-1
3.558659577E0,2.352299914E-2,6.210500002E-2,6.234049797E-1
3.578703194E0,1.322400011E-2,-3.684999887E-3,7.068610191E-1
3.598746890E0,-5.681000184E-3,-2.716000006E-2,7.015079856E-1
3.618790596E0,-1.676099934E-2,-1.003200002E-2,6.268749833E-1
3.638834365E0,-1.783300005E-2,2.254799940E-2,5.384860039E-1
3.658878041E0,-3.599900007E-2,1.130239964E-1,4.171119928E-1
3.678921666E0,1.652400009E-2,1.304289997E-1,3.509150147E-1
3.698965365E0,-1.457099989E-2,7.647500187E-2,5.039719939E-1
3.719009072E0,-1.040299982E-2,1.020000037E-2,8.170509934E-1
3.739052764E0,-5.198999774E-3,-3.941600025E-2,9.028189778E-1
3.759096486E0,-3.655799851E-2,4.400400072E-2,6.800500154E-1
3.779140178E0,7.166999858E-3,5.534699932E-2,5.872769952E-1
3.799183870E0,-3.055400029E-2,1.318359971E-1,4.418469965E-1
3.819227577E0,-3.808899969E-2,6.312099844E-2,5.428450108E-1
3.839271045E0,-1.767599955E-2,3.072700091E-2,6.026690006E-1
3.859314751E0,3.462599963E-2,-1.433600020E-2,5.524790287E-1
3.879358428E0,9.124999866E-3,7.027500123E-2,4.161289930E-1
3.899402135E0,-2.267600037E-2,5.593299866E-2,5.001090169E-1
3.919445828E0,-1.706299931E-2,9.405000135E-3,5.672410131E-1
3.939489519E0,7.612000220E-3,4.550699890E-2,4.335190058E-1
3.959533221E0,-3.549000015E-3,5.471700057E-2,4.166469872E-1
3.979576928E0,4.306299984E-2,-6.890000077E-4,5.603380203E-1
3.999620550E0,-3.127000062E-3,4.437199980E-2,5.362960100E-1
4.019664322E0,-5.623999983E-2,2.490299940E-2,4.263130128E-1
4.039708007E0,-5.617000163E-2,7.079999777E-4,3.909569979E-1
4.059751627E0,-8.996999823E-3,6.047600135E-2,2.551679909E-1
4.079795389E0,9.389000013E-3,2.687899955E-2,1.783239990E-1
4.099839007E0,4.154299945E-2,-2.187900059E-2,3.422009945E-1
4.119882697E0,5.698999856E-3,-5.183099955E-2,7.002750039E-1
4.139926390E0,1.021999982E-3,-2.933000028E-2,6.376000047E-1
4.159970068E0,-3.951999824E-3,1.768100075E-2,3.963760138E-1
4.180013745E0,-2.425000072E-3,5.379899964E-2,9.498299658E-2
4.200057467E0,1.235199999E-2,6.370000192E-4,1.307550073E-1
4.220101159E0,-2.005299926E-2,4.963999987E-2,3.725309968E-1
4.240144851E0,-6.936999969E-3,2.188299969E-2,3.894299865E-1
4.260188539E0,6.306999829E-3,3.135700151E-2,2.770459950E-1
4.280231992E0,4.203000106E-3,-1.199700031E-2,3.172259927E-1
4.300275683E0,2.554300055E-2,-4.937800020E-2,3.571279943E-1
4.320319361E0,1.433200017E-2,5.475000013E-3,3.666380048E-1
4.340363043E0,-2.328399941E-2,5.544799939E-2,1.490080059E-1
4.360406717E0,1.631500013E-2,4.610599950E-2,8.915899694E-2
4.380450404E0,1.051499974E-2,7.226000074E-3,2.756670117E-1
4.400494101E0,1.436400041E-2,2.357999980E-2,3.281689882E-1
4.420537704E0,-1.147599984E-2,2.884499915E-2,2.277619988E-1
4.440581399E0,3.845999949E-3,4.281499982E-2,1.154429987E-1
4.460625087E0,-6.188200042E-2,3.743299842E-2,2.662059963E-1
4.480668794E0,-1.288300008E-2,1.861600019E-2,3.380799890E-1
4.500712490E0,3.346100077E-2,2.219099924E-2,1.634690017E-1
4.520756169E0,-4.661900178E-2,2.083499916E-2,1.061069965E-1
4.540799861E0,-2.658499964E-2,-1.428799983E-2,1.009470001E-1
4.560843553E0,-1.511800010E-2,-3.308099881E-2,1.172100008E-1
4.580887021E0,-2.785700001E-2,-3.940000013E-2,1.694159955E-1
4.600930942E0,7.141999900E-3,-3.479100019E-2,1.574580073E-1
4.620974636E0,-6.232700124E-2,1.073100045E-2,-1.021599956E-2
4.641018098E0,1.389999967E-2,-1.534899976E-2,1.373200025E-2
4.661061798E0,-2.290999983E-3,-9.350000182E-4,4.230000079E-2
4.681105491E0,1.405499969E-2,3.382100165E-2,-4.606400058E-2
4.701149168E0,9.492999874E-3,-1.908900030E-2,-1.661279947E-1
4.721192846E0,2.822300047E-2,-3.979999945E-2,-1.829000004E-2
4.741236539E0,-3.844600171E-2,-6.279099733E-2,2.441319972E-1
4.761280212E0,3.088100068E-2,1.222100016E-2,1.074469984E-1
4.781323904E0,4.148299992E-2,3.356999950E-3,-7.596000098E-3
4.801367507E0,-1.354200020E-2,4.865499958E-2,1.217060015E-1
4.821411182E0,-2.356100082E-2,2.857300080E-2,1.119489968E-1
4.841454871E0,5.984999985E-2,-3.837199882E-2,8.348000050E-2
4.861498563E0,-2.865899913E-2,2.637599967E-2,4.517899826E-2
4.881542027E0,-3.259300068E-2,3.240700066E-2,-4.087800160E-2
4.901585702E0,1.850399934E-2,1.448599994E-2,-5.494299904E-2
4.921629394E0,4.217999987E-3,2.659500018E-2,2.155400068E-2
4.941673082E0,3.232999891E-2,-6.146200001E-2,1.191319972E-1
4.961716769E0,4.178300127E-2,-8.412399888E-2,1.067619994E-1
4.981760447E0,-4.221399873E-2,1.728600077E-2,-1.320999954E-2
5.001804169E0,1.479899976E-2,4.447999876E-3,-7.309799641E-2
5.021847875E0,-2.245399915E-2,2.901300043E-2,-5.624600127E-2
5.041891503E0,-1.015099976E-2,6.810999941E-3,8.494000137E-2
5.061935270E0,-2.422000049E-3,-1.289799996E-2,1.016269997E-1
5.081978901E0,-2.705899999E-2,2.873199992E-2,7.278800011E-2
5.102022597E0,1.567500085E-2,-1.078800019E-2,8.709499985E-2
5.122066303E0,-2.722200006E-2,1.576999947E-2,1.923349947E-1
5.142109995E0,-1.553099975E-2,2.210599929E-2,1.254840046E-1
5.162153679E0,7.888000458E-3,3.988499939E-2,-1.296299975E-2
5.182197351E0,-3.831600025E-2,5.920799822E-2,1.813600026E-2
5.202241043E0,2.864200063E-2,-3.116000071E-2,1.115920022E-1
5.222284736E0,-1.497900020E-2,-3.190299869E-2,7.761400193E-2
5.242328438E0,1.151600014E-2,-3.961399943E-2,5.791499838E-2
5.262371907E0,-1.749799959E-2,-2.156200074E-2,6.204900146E-2
5.282415602E0,8.395399898E-2,-2.280399948E-2,1.121340021E-1
5.302459303E0,-1.593099907E-2,6.356699765E-2,1.682900079E-2
5.322502953E0,-8.158700168E-2,8.633700013E-2,-8.540099859E-2
5.342546649E0,1.836499944E-2,2.423699945E-2,-2.028699964E-2
5.362590361E0,2.309999894E-3,-2.740599960E-2,-1.553600002E-2
5.382634068E0,-1.348400023E-2,-5.228599906E-2,8.951299638E-2
5.402677760E0,-6.526300311E-2,-6.096899882E-2,6.791599840E-2
5.422721364E0,-7.385999709E-2,2.851800062E-2,-7.046400011E-2
5.442765131E0,8.410000009E-4,2.367400005E-2,-1.536629945E-1
5.462808829E0,-3.934799880E-2,4.493999854E-2,-1.260000002E-2
5.482852455E0,3.412299976E-2,-2.061299980E-2,2.481790036E-1
5.502896154E0,1.104300003E-2,-4.404599965E-2,2.815349996E-1
5.522939614E0,4.804399982E-2,-1.808100007E-2,8.042299747E-2
5.542983549E0,4.742300138E-2,2.056100033E-2,-4.162599891E-2
5.563027229E0,-8.139999583E-3,5.476399884E-2,1.389699988E-2
5.583070681E0,-6.957999896E-3,2.362100035E-2,-2.611099929E-2
5.603114597E0,-3.949699923E-2,3.052200004E-2,-4.497500136E-2
5.623158065E0,1.640399918E-2,-5.471799895E-2,8.656399697E-2
5.643201769E0,-4.356500134E-2,-3.270599991E-2,1.076909974E-1
5.663245428E0,-1.292600017E-2,-4.754399881E-2,1.265619993E-1
5.683289096E0,4.400000034E-4,-3.098499961E-2,8.812999725E-2
5.703332770E0,1.237099990E-2,1.712699980E-2,4.271000158E-3
5.723376462E0,2.216199972E-2,1.032999996E-2,-8.180099726E-2
5.743420150E0,2.236000029E-3,-1.341800019E-2,-1.234699972E-2
5.763463753E0,-1.241500024E-2,-2.027400024E-2,5.455899984E-2
5.783507443E0,1.678200066E-2,-2.590000071E-2,7.595100254E-2
5.803551203E0,9.634000249E-3,2.202199958E-2,-7.780999877E-3
5.823594830E0,1.262299996E-2,7.598999888E-3,-7.200000109E-4
5.843638524E0,3.517900035E-2,-2.455599979E-2,-9.369999752E-4
5.863682212E0,-2.078999998E-3,2.597099915E-2,2.775100060E-2
5.883725909E0,4.821500182E-2,3.766699880E-2,-8.214300126E-2
5.903769596E0,-1.303400006E-2,4.688600078E-2,1.134300046E-2
5.923813371E0,2.242100053E-2,-2.224699967E-2,2.313799970E-2
5.943856988E0,-4.699999990E-4,-3.299599886E-2,1.018040031E-1
5.963900689E0,-2.432000078E-2,-3.231500089E-2,1.397469938E-1
5.983944180E0,-1.037499961E-2,1.955199987E-2,1.015049964E-1
6.003987875E0,1.028999966E-2,4.014199972E-2,8.422000334E-3
6.024031558E0,1.839599945E-2,2.250999957E-2,-7.763899863E-2
6.044075241E0,8.426199853E-2,-8.128000423E-3,-5.582699925E-2
6.064118938E0,-5.518700182E-2,6.335499883E-2,-1.634809971E-1
6.084162630E0,2.796000103E-3,1.405199990E-2,-7.242599875E-2
6.104206322E0,-1.183899958E-2,-4.126000218E-3,1.348499954E-2
6.124250025E0,5.998000037E-3,1.851000078E-2,9.945499897E-2
6.144293702E0,5.551999900E-3,4.218199849E-2,2.748100087E-2
6.164337380E0,7.125200331E-2,-2.103199996E-2,1.396649927E-1
6.184381049E0,1.082199998E-2,-4.259999841E-3,1.823520064E-1
6.204424666E0,3.976999782E-3,1.872899942E-2,1.534859985E-1
6.224468370E0,-3.793599829E-2,-3.592999885E-3,6.759700179E-2
6.244512125E0,-3.626099974E-2,5.257099867E-2,-3.998399898E-2
6.264555742E0,-5.472999997E-3,-6.668000016E-3,9.652899951E-2
6.284599208E0,9.708999656E-3,-1.610600017E-2,1.133370027E-1
6.304643129E0,-5.944800004E-2,1.600000076E-2,-2.044099942E-2
6.324686828E0,-4.509000108E-3,2.309199981E-2,-1.109160036E-1
6.344730304E0,-1.523900032E-2,5.272199959E-2,-2.472549975E-1
6.364774009E0,2.941799909E-2,-7.371999789E-3,5.419600010E-2
6.384817711E0,-5.439000204E-3,-1.764300093E-2,1.926500052E-1
6.404861389E0,-1.308100019E-2,-1.372000016E-2,1.661659926E-1
6.424905086E0,2.831600048E-2,-8.414000273E-3,1.276309937E-1
6.444948769E0,-1.588699967E-2,1.732099988E-2,1.084190011E-1
6.464992476E0,-2.701500058E-2,-7.501999848E-3,7.760900259E-2
6.485036182E0,-1.290700026E-2,4.548399895E-2,-4.181199893E-2
6.505079899E0,-8.654999547E-3,3.661499918E-2,-2.699800022E-2
6.525123591E0,-3.776599839E-2,4.224799946E-2,-2.187100053E-2
6.545167278E0,2.442499995E-2,-3.672000021E-3,-6.243799999E-2
6.565210987E0,1.442200039E-2,-1.804799959E-2,-8.176299930E-2
6.585254584E0,-8.588000201E-3,-9.050000226E-4,4.980599880E-2
6.605298269E0,-2.357400022E-2,-3.204999957E-3,3.524599969E-2
6.625341953E0,-2.961999970E-3,-4.225400090E-2,6.375300139E-2
6.645385640E0,-1.860000007E-2,-4.424099997E-2,1.069200039E-2
6.665429328E0,-4.832000006E-3,-3.776099905E-2,1.299400032E-1
6.685473006E0,-2.638999932E-2,-3.819999984E-3,1.441799998E-1
6.705516673E0,-7.594000082E-3,-2.637599967E-2,5.313099921E-2
6.725560386E0,5.793000013E-2,-8.856000379E-3,6.259399652E-2
6.745604073E0,1.144200005E-2,4.563400149E-2,7.635999937E-3
6.765647779E0,-2.308199927E-2,7.391999941E-3,-3.262799978E-2
6.785691243E0,-3.361300007E-2,2.705300041E-2,-8.497899771E-2
6.805734928E0,4.333000164E-3,9.693999775E-3,-8.751100302E-2
6.825778841E0,3.203900158E-2,-3.692299873E-2,9.400799870E-2
6.845822291E0,4.264599830E-2,-3.729699925E-2,1.990379989E-1
6.865866212E0,3.233300149E-2,2.186699957E-2,-1.872099936E-2
6.885909890E0,3.841499984E-2,-1.460999949E-3,-1.358779967E-1
6.905953357E0,1.686299965E-2,-1.386700012E-2,-9.801799804E-2
6.925996803E0,-6.252000108E-3,-3.461899981E-2,-1.689100079E-2
6.946040496E0,-2.098499984E-2,-2.879600041E-2,5.951799825E-2
6.966084193E0,1.765399985E-2,5.750999786E-3,2.116899937E-2
6.986127904E0,-5.257000029E-2,-9.840000421E-3,1.826900057E-2
7.006171592E0,2.520000096E-3,-1.032480001E-1,2.265339941E-1
7.026215298E0,-5.977699906E-2,6.895700097E-2,1.130599994E-2
7.046258982E0,-3.970599920E-2,9.289699793E-2,-8.623299748E-2
7.066302599E0,4.975000024E-2,-7.555999793E-3,4.317000136E-2
7.086346366E0,-7.947999984E-3,-1.448599994E-2,1.817190051E-1
7.106390056E0,3.623799980E-2,-2.281400003E-2,1.408810019E-1
7.126433675E0,7.526000030E-3,3.673600033E-2,1.002810001E-1
7.146477375E0,1.505700033E-2,4.284700006E-2,-1.419200003E-2
7.166521159E0,-6.889000069E-3,3.168400005E-2,-1.148299966E-2
7.186564858E0,3.050200082E-2,-1.781300083E-2,-6.645999849E-3
7.206608468E0,2.060100064E-2,-2.839999972E-3,-6.627400219E-2
7.226652169E0,-1.444999943E-3,2.525999956E-2,-1.545179933E-1
7.246696110E0,2.647999907E-3,4.149400070E-2,-2.810310125E-1
7.266739803E0,-4.143799841E-2,-2.395600080E-2,-1.946180016E-1
7.286783490E0,-3.042799979E-2,-6.044200063E-2,-3.702700138E-2
7.306827168E0,4.409699887E-2,-8.651400357E-2,5.642000120E-3
7.326870656E0,-2.228599973E-2,-4.039699957E-2,-1.072679982E-1
7.346914360E0,-1.947399974E-2,-2.848700061E-2,-1.842299998E-1
7.366958302E0,3.755100071E-2,-3.321100026E-2,-7.201399654E-2
7.387001756E0,6.459899992E-2,-5.000299960E-2,-1.510600001E-1
7.407045418E0,-1.303900033E-2,5.903600156E-2,-3.542439938E-1
7.427089101E0,-1.045999955E-2,1.604899950E-2,-4.447149932E-1
7.447132793E0,-3.002900071E-2,7.098999806E-3,-2.747060061E-1
7.467176485E0,-2.144899964E-2,8.456000127E-3,-1.410650015E-1
7.487220202E0,4.776100069E-2,-1.355800033E-2,3.367999941E-2
7.507263879E0,-5.851999857E-3,3.663599864E-2,-9.791900218E-2
7.527307591E0,6.261900067E-2,-7.846999913E-3,-1.432670057E-1
7.547351284E0,2.134400047E-2,-2.300499938E-2,-1.648440063E-1
7.567394943E0,-7.631999906E-3,-4.255700111E-2,-2.079779953E-1
7.587438649E0,-1.454100013E-2,-9.657000192E-3,-3.132950068E-1
7.607482347E0,6.521000061E-3,-1.052999962E-2,-3.321650028E-1
7.627525959E0,-2.155400068E-2,-1.528800000E-2,-3.537540138E-1
7.647569708E0,1.239900012E-2,-3.029200062E-2,-2.532599866E-1
7.667613320E0,2.907700092E-2,-3.422199935E-2,-3.417289853E-1
7.687656996E0,9.309999878E-4,3.996900097E-2,-5.976819992E-1
7.707700693E0,4.003300145E-2,2.030700073E-2,-5.377879739E-1
7.727744400E0,3.469400108E-2,-1.908900030E-2,-2.245599926E-1
7.747788106E0,8.030000026E-4,-3.330500051E-2,-2.489819974E-1
7.767831784E0,-1.846400090E-2,-3.616100177E-2,-1.295100003E-1
7.787875481E0,-1.222200040E-2,-1.043200027E-2,-9.868700057E-2
7.807919149E0,2.082000021E-3,-3.755199909E-2,-9.860999882E-2
7.827962852E0,-1.771900058E-2,-2.567899972E-2,-2.040179968E-1
7.848006549E0,8.496000431E-3,-1.622899994E-2,-3.139019907E-1
7.868050261E0,-7.003100216E-2,5.691400170E-2,-3.423720002E-1
7.888093982E0,-1.064500026E-2,3.786199912E-2,-3.561260104E-1
7.908137659E0,2.514299937E-2,2.615999896E-3,-2.315980047E-1
7.928181352E0,1.008000039E-2,-6.218599901E-2,-2.411279976E-1
7.948225063E0,4.261999857E-3,6.827999838E-3,-3.295069933E-1
7.968268765E0,5.615999922E-3,2.365499921E-2,-4.489269853E-1
7.988312448E0,1.422599982E-2,2.556899935E-2,-3.004679978E-1
8.008356155E0,-2.390000009E-4,-3.156699985E-2,-1.618800014E-1
8.028399842E0,3.971099854E-2,-5.052499846E-2,-5.472600088E-2
8.048443320E0,7.287599891E-2,-1.153490022E-1,-7.679700106E-2
8.068487010E0,3.845300153E-2,-3.323699906E-2,-2.566280067E-1
8.088530933E0,-1.719200052E-2,1.121900044E-2,-3.954519928E-1
8.108574392E0,-1.565900072E-2,-4.456600174E-2,-4.241400063E-1
8.128618096E0,-4.364899918E-2,-2.873799950E-2,-3.763059974E-1
8.148661794E0,-2.908300050E-2,-6.976999808E-3,-3.810710013E-1
8.168705466E0,1.285499986E-2,1.988000050E-2,-2.873399854E-1
8.188749143E0,-3.282700107E-2,6.591399759E-2,-4.258880019E-1
8.208792841E0,3.082099929E-2,3.425500169E-2,-3.129119873E-1
8.228836543E0,1.283999998E-2,-2.165300027E-2,-1.599989980E-1
8.248880235E0,4.737399891E-2,-3.002100065E-2,-1.098669991E-1
8.268923928E0,4.357500002E-2,7.650000043E-3,-2.752639949E-1
8.288967620E0,8.844199777E-2,-3.335399926E-2,-2.945969999E-1
8.309011327E0,3.585400060E-2,-7.722999901E-3,-2.544350028E-1
8.329055033E0,8.941000327E-3,-4.737199843E-2,-2.788060009E-1
8.349098740E0,-2.171799913E-2,-9.624599665E-2,-1.929280013E-1
8.369142447E0,8.000000380E-3,-2.614600025E-2,-3.224880099E-1
8.389186139E0,-1.057399996E-2,-1.449100021E-2,-3.248240054E-1
8.409229845E0,-3.516399860E-2,3.597100079E-2,-2.697229981E-1
8.429273543E0,-2.233999968E-2,2.229999937E-2,-2.094900012E-1
8.449317235E0,-2.227500081E-2,-5.179000087E-3,-2.331510037E-1
8.469360937E0,1.834700070E-2,2.018499933E-2,-2.876000106E-1
8.489404644E0,-3.951999824E-3,7.366000116E-2,-3.900829852E-1
8.509448261E0,-1.437400002E-2,5.093299970E-2,-2.868570089E-1
8.529492042E0,2.704500034E-2,-3.158000065E-3,-1.645729989E-1
8.549535665E0,2.230899967E-2,-6.316900253E-2,-1.886640042E-1
8.569579336E0,2.737900056E-2,-7.384300232E-2,-3.590739965E-1
8.589623106E0,2.220300026E-2,-5.609399825E-2,-4.024820030E-1
8.609666805E0,-4.026500136E-2,2.348100021E-2,-4.454540014E-1
8.629710497E0,-2.998000011E-3,3.250399977E-2,-4.117729962E-1
8.649754175E0,2.989700064E-2,-6.045600027E-2,-2.543230057E-1
8.669797867E0,2.063499950E-2,-1.142800003E-1,-6.124399975E-2
8.689841544E0,9.529999807E-4,-7.098799944E-2,-1.213930026E-1
8.709885233E0,-1.173599996E-2,2.510200068E-2,-3.101539910E-1
8.729928834E0,-7.699999842E-4,7.892099768E-2,-6.180179715E-1
8.749972529E0,-1.443600003E-2,1.008670032E-1,-4.711610079E-1
8.770016207E0,-2.597999992E-3,3.961800039E-2,-4.111360013E-1
8.790059967E0,-1.118400041E-2,-7.561299950E-2,-1.240679994E-1
8.810103661E0,2.394700050E-2,-8.070699871E-2,-1.936009973E-1
8.830147277E0,-3.225899860E-2,-5.940100178E-2,-2.467080057E-1
8.850191044E0,5.371600017E-2,-4.173599929E-2,-2.663039863E-1
8.870234739E0,2.060599998E-2,-3.097099997E-2,-1.495620012E-1
8.890278450E0,-9.015000425E-3,-2.938999981E-2,-1.617269963E-1
8.910322070E0,-2.218999900E-3,-2.817000030E-3,-2.021130025E-1
8.930365760E0,2.161600068E-2,1.457700040E-2,-4.171189964E-1
8.950409529E0,-1.582399942E-2,7.213799655E-2,-5.550349951E-1
8.970453160E0,9.341999888E-3,1.174329966E-1,-5.877370238E-1
8.990496851E0,-1.895299926E-2,6.828100234E-2,-4.295499921E-1
9.010540543E0,3.357199952E-2,-4.384399951E-2,1.970399916E-2
9.030584254E0,6.633000076E-2,-1.637649983E-1,2.197840065E-1
9.050627976E0,5.412999913E-2,-1.496140063E-1,8.369999938E-3
9.070671663E0,2.256499976E-2,-3.878600150E-2,-2.839770019E-1
9.090715384E0,-7.213000208E-3,3.139999881E-2,-4.223150015E-1
9.110759081E0,-7.490099967E-2,1.306169927E-1,-4.336110055E-1
9.130802773E0,2.142000012E-3,-9.410000057E-4,-3.182719946E-1
9.150846557E0,2.668300085E-2,-8.708599955E-2,-1.894010007E-1
9.170890237E0,-1.336700004E-2,-9.513299912E-2,-1.562590003E-1
9.190933852E0,-9.711000137E-3,-3.409500048E-2,-3.358129859E-1
9.210977543E0,6.579999812E-3,6.100000069E-2,-4.933950007E-1
9.231021230E0,-1.492199954E-2,9.031700343E-2,-4.689410031E-1
9.251065004E0,-1.776699908E-2,3.563499823E-2,-2.149190009E-1
9.271108622E0,1.646899991E-2,-4.189199954E-2,-4.777299985E-2
9.291152302E0,1.119209975E-1,-1.279930025E-1,-7.946900278E-2
9.311196009E0,2.529400028E-2,-9.269300103E-2,-3.005999923E-1
9.331239706E0,3.384900093E-2,-2.384600043E-2,-3.462060094E-1
9.351283398E0,1.221199986E-2,6.672199816E-2,-5.301539898E-1
9.371327090E0,-1.919999951E-3,9.203000367E-2,-4.790950119E-1
9.391370788E0,-3.349300101E-2,1.587400027E-2,-2.136999965E-1
9.411414470E0,7.575000077E-2,-1.667750031E-1,4.868499935E-2
9.431458144E0,6.186800078E-2,-1.657119989E-1,-4.328300059E-2
9.451501836E0,1.882399991E-2,-3.717499971E-2,-3.066279888E-1
9.471545514E0,-2.295799926E-2,5.966899917E-2,-5.812529922E-1
9.491589212E0,-7.626400143E-2,1.008569971E-1,-6.185399890E-1
9.511632985E0,-4.165799916E-2,1.218400002E-1,-4.574620128E-1
9.531676602E0,-1.014200039E-2,2.577000065E-3,-1.533959955E-1
9.551720298E0,4.798800126E-2,-7.991199940E-2,5.434599891E-2
9.571763985E0,6.229399890E-2,-9.976900369E-2,2.049000002E-2
9.591807692E0,7.604999933E-3,-6.264399737E-2,-1.880549937E-1
9.611851380E0,4.968700185E-2,5.218999926E-3,-4.462760091E-1
9.631895062E0,-5.407999828E-2,6.856700033E-2,-5.488010049E-1
9.651938749E0,3.639000002E-3,5.006299913E-2,-4.619710147E-1
9.671982428E0,7.242999971E-3,-1.824799925E-2,-3.592819870E-1
9.692026110E0,3.521599993E-2,-9.980499744E-2,-1.543080062E-1
9.712069798E0,-8.120999672E-3,-1.791079938E-1,-9.233999997E-3
9.732113486E0,3.165499866E-2,-1.018910035E-1,-1.938859969E-1
9.752157197E0,-2.661699988E-2,8.525300026E-2,-6.001859903E-1
9.772200895E0,-3.671900183E-2,1.625200063E-1,-6.783800125E-1
9.792244587E0,-5.309999920E-3,7.562900335E-2,-4.240329862E-1
9.812288352E0,1.384800021E-2,9.123999625E-3,-1.368920058E-1
9.832331965E0,4.783200100E-2,-6.893400103E-2,-3.968099877E-2
9.852375660E0,2.444599941E-2,-1.737609953E-1,7.143399864E-2
9.872419347E0,3.739799932E-2,-1.400679946E-1,1.067019999E-1
9.892463117E0,5.469999742E-4,3.649999946E-2,-2.950389981E-1
9.912506714E0,-3.372899815E-2,9.051299840E-2,-6.816089749E-1
9.932550404E0,-5.910599977E-2,1.036920026E-1,-7.069839835E-1
9.952594092E0,-1.627000049E-2,4.487600178E-2,-4.697850049E-1
9.972637866E0,1.338700019E-2,-3.830900043E-2,-8.976200223E-2
9.992681483E0,5.304199830E-2,-1.416790038E-1,6.974799931E-2
1.001272517E1,5.268099904E-2,-1.501950026E-1,1.381400041E-2
1.003276886E1,-1.703000045E-3,-7.405599952E-2,-1.875090003E-1
1.005281263E1,-4.225099832E-2,4.831499979E-2,-3.735080063E-1
1.007285626E1,-5.081799999E-2,1.206260026E-1,-5.805770159E-1
1.009289992E1,-2.819300070E-2,8.405499905E-2,-5.747669935E-1
1.011294368E1,5.166300014E-2,5.946999881E-3,-3.325470090E-1
1.013298739E1,1.346599963E-2,-6.938800216E-2,-2.756290138E-1
1.015303108E1,2.300000004E-2,-1.065609977E-1,-1.204930022E-1
1.017307477E1,3.452099860E-2,-5.314999819E-2,-2.165859938E-1
1.019311846E1,6.935200095E-2,-7.215300202E-2,-3.267570138E-1
1.021316216E1,5.185000133E-3,-2.105100080E-2,-3.990460038E-1
1.023320586E1,1.360400021E-2,-1.142999995E-2,-1.930429935E-1
1.025324955E1,-2.849000040E-3,4.359199852E-2,-2.881869972E-1
1.027329326E1,2.060900070E-2,4.982899874E-2,-4.693120122E-1
1.029333694E1,4.141600057E-2,6.118899956E-2,-4.644039869E-1
1.031338064E1,6.563100219E-2,-5.140800029E-2,-2.468409985E-1
1.033342433E1,4.712599888E-2,2.772999927E-3,-2.064560056E-1
1.035346801E1,4.352499917E-2,5.322999787E-3,-2.618040144E-1
1.037351169E1,-5.129999947E-3,-8.643600345E-2,-1.665530056E-1
1.039355537E1,-3.426999971E-2,-1.466280073E-1,-8.872999810E-3
1.041359908E1,-4.090199992E-2,-4.347399995E-2,-2.024800032E-1
1.043364278E1,-2.003400028E-2,6.740699708E-2,-5.102649927E-1
1.045368644E1,-5.129599944E-2,1.715980023E-1,-7.244020104E-1
1.047373012E1,-1.580000040E-3,1.074120030E-1,-5.868669748E-1
1.049377381E1,1.448999997E-2,3.290899843E-2,-2.828449905E-1
1.051381773E1,5.638699979E-2,-5.257900059E-2,-7.537899911E-2
1.053386141E1,6.575399637E-2,-1.155359969E-1,1.213200018E-2
1.055390487E1,-1.006999984E-2,-1.353940070E-1,-5.368899927E-2
1.057394879E1,-1.799100079E-2,-1.312550008E-1,-5.170400068E-2
1.059399247E1,2.503999975E-3,-6.282000244E-2,-3.220129907E-1
1.061403618E1,-5.868199840E-2,3.567900136E-2,-6.371880174E-1
1.063407988E1,-7.587300241E-2,1.049299985E-1,-6.721310019E-1
1.065412365E1,-3.406799957E-2,8.618900180E-2,-5.560470223E-1
1.067416735E1,-1.542800013E-2,9.305299819E-2,-4.477669895E-1
1.069421098E1,5.289199948E-2,1.345499977E-2,-2.492270023E-1
1.071425466E1,6.912799925E-2,-6.009100005E-2,-4.660600051E-2
1.073429844E1,1.128709987E-1,-1.189199984E-1,1.028439999E-1
1.075434214E1,4.433900118E-2,-9.539700300E-2,2.995900065E-2
1.077438584E1,4.887200147E-2,-1.193990037E-1,-6.570000201E-3
1.079442955E1,4.384100065E-2,-5.393499881E-2,-3.009540141E-1
1.081447325E1,-4.631200060E-2,3.776799887E-2,-5.682039857E-1
1.083451693E1,-8.263099939E-2,3.492499888E-2,-7.396010160E-1
1.085456063E1,-2.473000064E-2,2.531999908E-2,-4.896180034E-1
1.087460455E1,-5.592799932E-2,1.036259979E-1,-4.121580124E-1
1.089464825E1,5.325499922E-2,5.755199865E-2,-5.723609924E-1
1.091469195E1,8.503600210E-2,-3.378599882E-2,-2.449959964E-1
1.093473564E1,7.513500005E-2,-6.193900108E-2,-2.814199962E-2
1.095477932E1,9.115999937E-2,-8.611100167E-2,-1.820529997E-1
1.097482301E1,1.944600046E-2,-9.356500208E-2,-2.714670002E-1
1.099486669E1,-2.316999948E-3,-1.141859964E-1,-2.863929868E-1
1.101491047E1,-3.276899830E-2,-2.233799919E-2,-2.837609947E-1
1.103495418E1,-9.700299799E-2,2.936900035E-2,-3.695609868E-1
1.105499785E1,-1.805300079E-2,-1.203999971E-3,-3.876459897E-1
1.107504154E1,-4.405200109E-2,6.175500154E-2,-4.825240076E-1
1.109508524E1,-6.885000039E-3,1.183549985E-1,-6.277269721E-1
1.111512893E1,5.288999900E-2,7.579100132E-2,-4.382399917E-1
1.113517262E1,3.869099915E-2,1.234699972E-2,-1.896219999E-1
1.115521632E1,6.510899961E-2,-5.835499987E-2,1.353000058E-3
1.117526001E1,5.027100071E-2,-8.879200369E-2,7.007499784E-2
1.119530370E1,4.432399943E-2,-5.953200161E-2,-2.201769948E-1
1.121534762E1,1.183899958E-2,-5.495899916E-2,-2.517359853E-1
1.123539131E1,-4.520799965E-2,-3.647800162E-2,-1.993339956E-1
1.125543499E1,1.799700037E-2,-3.655200079E-2,-1.727190018E-1
1.127547868E1,-2.694999985E-2,3.586700186E-2,-3.545269966E-1
1.129552236E1,-2.823000075E-3,1.718400046E-2,-3.707439899E-1
1.131556614E1,-2.883699909E-2,2.773199975E-2,-5.164949894E-1
1.133560984E1,-2.844000002E-3,1.862600073E-2,-5.497969985E-1
1.135565354E1,2.125800028E-2,3.053200059E-2,-4.202489853E-1
1.137569723E1,-2.880599909E-2,9.197399765E-2,-3.863570094E-1
1.139574092E1,1.378899999E-2,1.795200072E-2,-2.452870011E-1
1.141578462E1,3.899899870E-2,-6.981500238E-2,-8.098000288E-2
1.143582855E1,1.065879986E-1,-1.162249967E-1,-1.059089974E-1
1.145587226E1,1.460499968E-2,-9.082899988E-2,-2.505509853E-1
1.147591594E1,6.604999769E-3,-1.231210008E-1,-1.960940063E-1
1.149595963E1,1.582000032E-2,-1.315770000E-1,-3.375729918E-1
1.151600331E1,-1.680699922E-2,3.790200129E-2,-5.220180154E-1
1.153604700E1,-6.357900053E-2,9.455099702E-2,-5.359770060E-1
1.155609077E1,-2.539400011E-2,1.288129985E-1,-2.981689870E-1
1.157613446E1,-6.670999806E-3,1.014960036E-1,-3.284719884E-1
1.159617815E1,-6.699999794E-4,7.428500056E-2,-3.446300030E-1
1.161622207E1,1.809499972E-2,9.584000334E-3,-3.207879961E-1
1.163626576E1,7.207199931E-2,-3.176100180E-2,-1.990199983E-1
1.165630945E1,4.548700154E-2,-2.848000079E-2,-2.165179998E-1
1.167635314E1,5.104000121E-2,-9.706500173E-2,-2.269079983E-1
1.169639683E1,5.342499912E-2,-1.504870057E-1,-1.104660034E-1
1.171644061E1,3.749300167E-2,-1.130670011E-1,-3.240340054E-1
1.173648420E1,-2.244599909E-2,-6.397999823E-3,-4.750539958E-1
1.175652796E1,1.015300024E-2,3.844900057E-2,-5.347269773E-1
1.177657165E1,-2.243800089E-2,9.464900196E-2,-3.763790131E-1
1.179661559E1,-1.090599969E-2,2.902399935E-2,-3.208940029E-1
1.181665927E1,2.134300023E-2,2.542800084E-2,-4.187079966E-1
1.183670296E1,-3.059300035E-2,4.209100083E-2,-2.727720141E-1
1.185674662E1,2.612200007E-2,-2.273100056E-2,-1.435000002E-1
1.187679039E1,-1.321200002E-2,-2.462900057E-2,-1.388320029E-1
1.189683409E1,1.837600023E-2,-1.841299981E-2,-2.466000021E-1
1.191687771E1,2.362200059E-2,-4.209600016E-2,-3.594720066E-1
1.193692148E1,2.456399985E-2,-3.060000017E-2,-3.044919968E-1
1.195696518E1,2.401899919E-2,-1.999799907E-2,-3.117839992E-1
1.197700910E1,-2.391000045E-3,-3.135300055E-2,-3.981350064E-1
1.199705281E1,4.581000190E-3,-2.931600064E-2,-4.006429911E-1
1.201709650E1,-1.456999965E-2,2.081100084E-2,-2.689409852E-1
1.203714019E1,-2.427000087E-3,2.501099929E-2,-3.212710023E-1
1.205718390E1,-2.987200022E-2,7.605700195E-2,-4.357849956E-1
1.207722766E1,4.643499851E-2,4.663100094E-2,-3.995159864E-1
1.209727135E1,4.627599940E-2,-7.063999772E-3,-3.135859966E-1
1.211731504E1,6.563899666E-2,-2.283200063E-2,-2.252980024E-1
1.213735897E1,8.542000316E-3,-5.623500049E-2,-2.877520025E-1
1.215740268E1,1.153000048E-3,-7.753899693E-2,-3.766939938E-1
1.217744640E1,5.917499959E-2,-5.142699927E-2,-4.511600137E-1
1.219749018E1,9.513000026E-3,-1.744700037E-2,-4.109080136E-1
1.221753389E1,2.985999919E-3,1.081399992E-2,-3.512130082E-1
1.223757759E1,2.171999961E-2,7.180999964E-3,-2.193109989E-1
1.225762151E1,-2.178000053E-3,3.675900027E-2,-3.241510093E-1
1.227766521E1,2.962799929E-2,-4.790000152E-3,-5.299239755E-1
1.229770889E1,1.106000040E-2,5.559999961E-3,-5.468869805E-1
1.231775255E1,8.984999731E-3,-4.722400010E-2,-2.767980099E-1
1.233779631E1,-1.310400013E-2,-5.499099940E-2,-7.600799948E-2
1.235784000E1,6.535999943E-3,-1.033129990E-1,-1.338219941E-1
1.237788370E1,3.542900085E-2,-1.255290061E-1,-2.803210020E-1
1.239792763E1,-2.623200044E-2,-3.629799932E-2,-3.212980032E-1
1.241797132E1,-1.453700010E-2,-3.963200003E-2,-2.545129955E-1
1.243801501E1,-1.747499965E-2,5.428799987E-2,-3.261330128E-1
1.245805878E1,-2.628999995E-3,1.014859974E-1,-2.944029868E-1
1.247810249E1,1.968500018E-2,8.397000283E-2,-4.160659909E-1
1.249814641E1,1.665900089E-2,6.741400063E-2,-3.224700093E-1
1.251819009E1,-6.269000005E-3,6.460600346E-2,-1.262969971E-1
1.253823377E1,1.666400023E-2,-1.693299972E-2,-1.943000010E-3
1.255827745E1,6.356500089E-2,-7.928100228E-2,4.537700117E-2
1.257832121E1,5.778000131E-2,-1.308809966E-1,6.157200038E-2
1.259836490E1,6.680999883E-3,-6.844899803E-2,-8.753299713E-2
1.261840881E1,-1.541000046E-2,-1.040439978E-1,-1.667989939E-1
1.263845252E1,-2.445499972E-2,-4.406800121E-2,-2.672660053E-1
1.265849621E1,-8.758699894E-2,4.284200072E-2,-4.200550020E-1
1.267853998E1,-4.667099938E-2,1.083720028E-1,-5.077549815E-1
1.269858368E1,-8.273000270E-2,1.106960028E-1,-5.096880198E-1
1.271862737E1,-2.498999937E-3,3.620100021E-2,-1.695770025E-1
1.273867128E1,1.326700021E-2,-3.168300167E-2,6.937500089E-2
1.275871497E1,8.766999841E-2,-1.169129983E-1,1.236980036E-1
1.277875865E1,1.073689982E-1,-9.553100169E-2,1.494109929E-1
1.279880232E1,2.874200046E-2,-1.088399999E-2,-4.026199877E-2
1.281884607E1,4.076299816E-2,-3.705500066E-2,-1.170369983E-1
1.283889000E1,-2.411100082E-2,-5.027300119E-2,1.919499971E-2
1.285893369E1,-1.521500014E-2,-4.610000178E-2,9.333600104E-2
1.287897738E1,-1.630299911E-2,7.868000306E-3,-3.354600072E-2
1.289902116E1,-5.133400112E-2,8.049699664E-2,-5.481199920E-2
1.291906485E1,-5.193300173E-2,6.385000050E-2,-6.159399822E-2
1.293910878E1,-3.867800161E-2,9.513700008E-2,-3.007500060E-2
1.295915249E1,-1.281199977E-2,4.945499822E-2,8.494299650E-2
1.297919619E1,5.310500041E-2,-3.804900125E-2,1.638049930E-1
1.299923988E1,2.242399938E-2,-5.460299924E-2,2.257030010E-1
1.301928364E1,7.747200131E-2,-1.265900023E-2,1.105749980E-1
1.303932734E1,-1.271000039E-2,3.841999918E-2,-4.049199820E-2
1.305937127E1,-3.377800062E-2,8.520999923E-3,3.851300105E-2
1.307941495E1,-6.377200037E-2,2.578499913E-2,1.057870016E-1
1.309945871E1,-2.294999920E-2,2.789000049E-3,-1.843499951E-2
1.311950241E1,2.269800007E-2,2.606100030E-2,-9.497699887E-2
1.313954634E1,3.654999891E-3,9.651999921E-3,-4.081999883E-3
1.315959003E1,-1.004000008E-2,1.834899932E-2,3.429599851E-2
1.317963371E1,2.765000099E-3,1.362899970E-2,2.009000070E-2
1.319967750E1,-1.995900087E-2,1.002600044E-2,-3.003400005E-2
1.321972119E1,-1.916000037E-3,7.849000394E-3,-4.655399919E-2
1.323976488E1,1.073499955E-2,1.124399994E-2,-3.464499861E-2
1.325980882E1,1.859300025E-2,-7.151999976E-3,1.541730016E-1
1.327985258E1,7.335899770E-2,-5.461100116E-2,1.324480027E-1
1.329989628E1,2.016199939E-2,-2.515299991E-2,1.727899909E-2
1.331993996E1,3.143899888E-2,-2.297100052E-2,-3.797600046E-2
1.333998388E1,1.851000008E-3,-6.258299947E-2,6.232399866E-2
1.336002754E1,-2.473299950E-2,1.762299985E-2,-4.738999996E-3
1.338007131E1,1.898000017E-3,3.585800156E-2,-6.459800154E-2
1.340011502E1,2.747200057E-2,4.610000178E-2,-4.305899888E-2
1.342015873E1,-3.356999950E-3,2.815099992E-2,1.149140000E-1
1.344020265E1,-2.043999964E-3,2.352399938E-2,1.532350034E-1
1.346024635E1,-2.021100000E-2,2.695900016E-2,1.174260005E-1
1.348029013E1,1.236999966E-2,1.737199910E-2,-2.141000004E-3
1.350033382E1,5.069999956E-3,8.098399639E-2,-2.828699909E-2
1.352037772E1,-2.338220030E-1,-6.018299982E-2,-1.048099995E-1
1.354042143E1,-7.081999909E-3,4.308999982E-3,1.879210025E-1
1.356046519E1,-2.193400078E-2,2.791400068E-2,-3.956700116E-2
1.358050889E1,9.153000079E-3,2.731700055E-2,-4.926100001E-2
1.360055280E1,2.363800071E-2,-2.311499976E-2,-1.835300028E-2
1.362059624E1,7.447999902E-3,-3.320999909E-3,1.011030003E-1
1.364064025E1,5.776499957E-2,-1.618199982E-2,-1.976999920E-3
1.366068395E1,3.687499836E-2,-5.676800013E-2,6.947299838E-2
1.368072766E1,1.345199998E-2,-1.771800034E-2,5.026600137E-2
1.370077158E1,-5.499999970E-4,2.478300035E-2,-1.077449992E-1
1.372081527E1,1.073199976E-2,2.699200064E-2,-8.836100250E-2
1.374085902E1,-4.456600174E-2,-2.774999943E-3,-8.349999785E-2
1.376090274E1,-3.706799820E-2,-4.027299955E-2,3.148499876E-2
1.378094643E1,-3.251700103E-2,-2.149499953E-2,1.128730029E-1
1.380099033E1,-1.202800032E-2,6.109999958E-3,1.702480018E-1
1.382103411E1,2.110000059E-4,2.537499927E-2,8.414000273E-2
1.384107781E1,3.794199973E-2,3.082299978E-2,-1.336880028E-1
1.386112171E1,2.590999939E-3,6.463599950E-2,-1.694599986E-1
1.388116540E1,2.487099916E-2,3.481100127E-2,-1.188540012E-1
1.390120917E1,9.676000103E-3,4.332099855E-2,-2.216590047E-1
1.392125285E1,-3.045899980E-2,6.299000233E-2,-1.756840050E-1
1.394129679E1,1.924999990E-2,1.026960015E-1,-2.614609897E-1
1.396134049E1,3.624400124E-2,5.375999957E-2,-1.943739951E-1
1.398138424E1,6.184000056E-3,-3.699500114E-2,2.780899964E-2
1.400142796E1,6.855399907E-2,-1.116060019E-1,2.403060049E-1
1.402147187E1,6.231800094E-2,-1.707780063E-1,2.155199945E-1
1.404151557E1,1.405099966E-2,-1.487929970E-1,1.957679987E-1
1.406155935E1,-2.142499946E-2,-1.002570018E-1,1.116520017E-1
1.408160303E1,-3.736300021E-2,-6.942500174E-2,-3.438200057E-2
1.410164695E1,-8.106400073E-2,2.234300040E-2,-1.322479993E-1
1.412169070E1,-8.151700348E-2,8.690100163E-2,-2.035409957E-1
1.414173438E1,-7.344699651E-2,1.505459994E-1,-2.315219939E-1
1.416177806E1,-6.113100052E-2,1.509390026E-1,-1.637620032E-1
1.418182198E1,-1.387299970E-2,9.071700275E-2,8.305999637E-2
1.420186575E1,6.208400056E-2,-1.507999958E-3,2.914830148E-1
1.422190943E1,3.355000168E-2,-6.938999984E-3,1.810470074E-1
1.424195337E1,3.442300111E-2,-4.314099997E-2,1.474339962E-1
1.426199705E1,1.349799987E-2,-8.994399756E-2,1.685550064E-1
1.428204079E1,1.712599955E-2,-8.524200320E-2,2.711499929E-1
1.430208451E1,-1.157699991E-2,-6.604500115E-2,1.297719926E-1
1.432212841E1,2.293100022E-2,-5.178999901E-2,1.058209985E-1
1.434217210E1,1.285600010E-2,-1.973200031E-2,-5.210199952E-2
1.436221587E1,-1.425599959E-2,4.666899890E-2,-2.221350074E-1
1.438225956E1,4.467999935E-2,2.263199911E-2,-1.766240001E-1
1.440230348E1,5.522099882E-2,4.128500074E-2,-1.120560020E-1
1.442234723E1,5.196699873E-2,2.451599948E-2,-1.655399986E-2
1.444239094E1,4.554799944E-2,-8.993600309E-2,1.961189955E-1
1.446243465E1,7.317200303E-2,-1.049740016E-1,3.370459974E-1
1.448247858E1,-3.475999925E-3,-1.068319976E-1,1.500460058E-1
1.450252235E1,-2.298700064E-2,-4.976800084E-2,1.142179966E-1
1.452256603E1,-3.864099830E-2,4.886399955E-2,1.141900010E-2
1.454260996E1,-3.998500109E-2,2.027400024E-2,-2.508000005E-3
1.456265371E1,-1.188599970E-2,2.234400064E-2,-4.298700020E-2
1.458269741E1,-2.434300072E-2,1.185099967E-2,1.458999980E-2
1.460274133E1,-1.195199974E-2,2.990599908E-2,3.389000148E-2
1.462278502E1,2.268000040E-3,5.983899906E-2,-2.831000090E-2
1.464282877E1,4.988899827E-2,9.131000377E-3,3.379499912E-2
1.466287246E1,5.746600032E-2,-3.935299814E-2,1.915349960E-1
1.468291637E1,4.602999985E-2,-5.778000131E-2,2.200109959E-1
1.470296013E1,-7.459000219E-3,-3.006199934E-2,2.122999914E-2
1.472300404E1,-3.799000056E-3,6.440999918E-3,-6.024200097E-2
1.474304777E1,1.460000058E-4,-3.068600036E-2,9.543599933E-2
1.476309144E1,-2.414100058E-2,1.002699975E-2,5.475899950E-2
1.478313520E1,2.154600061E-2,-1.026600040E-2,-5.508999899E-2
1.480317913E1,-3.538199887E-2,2.798900008E-2,-1.052860022E-1
1.482322282E1,-1.523000002E-2,1.034700032E-2,-4.060399905E-2
1.484326660E1,3.398799896E-2,-3.014300019E-2,1.053830013E-1
1.486331052E1,-1.910299994E-2,1.125099976E-2,1.220680028E-1
1.488335421E1,7.954999804E-3,-4.312599823E-2,9.107500315E-2
1.490339799E1,3.213499859E-2,-3.015699983E-2,-1.664000005E-2
1.492344192E1,5.231000017E-3,2.195799910E-2,-5.485999957E-2
1.494348568E1,-6.059899926E-2,3.852700070E-2,-7.137499750E-2
1.496352939E1,-4.546799883E-2,7.269999944E-3,1.026799995E-2
1.498357333E1,2.760799974E-2,-8.147999644E-3,4.391499981E-2
1.500361704E1,1.627499983E-2,4.153300077E-2,-1.842699945E-2
1.502366081E1,-1.452399977E-2,2.303799987E-2,1.704239994E-1
1.504370451E1,6.417299807E-2,-4.162999988E-2,1.802330017E-1
1.506374842E1,4.271999933E-3,6.819599867E-2,1.037359983E-1
1.508379219E1,-1.720800065E-2,2.871800028E-2,-1.233099997E-1
1.510383588E1,-5.566800013E-2,4.315900058E-2,-8.723500371E-2
1.512387986E1,2.389000030E-3,-1.938099973E-2,1.067809984E-1
1.514392355E1,-2.148500085E-2,3.064000048E-3,1.019890010E-1
1.516396723E1,-1.722799987E-2,-2.976699919E-2,8.527299762E-2
1.518401115E1,-6.507200003E-2,-4.342700168E-2,1.618120074E-1
1.520405492E1,2.388799936E-2,-6.881999969E-2,2.480379939E-1
1.522409884E1,7.029999979E-4,2.316999948E-3,7.572499663E-2
1.524414253E1,-1.592000015E-3,4.176200181E-2,-1.632640064E-1
1.526418630E1,-4.126900062E-2,8.832599968E-2,-3.159529865E-1
1.528423021E1,-1.121000038E-3,8.341000229E-2,-2.482209951E-1
1.530427389E1,8.181000128E-3,1.252589971E-1,-2.070010006E-1
1.532431766E1,1.119599957E-2,7.660800219E-2,-8.248999715E-3
1.534436159E1,4.711199924E-2,-4.261700064E-2,2.569830120E-1
1.536440536E1,7.451699674E-2,-8.716700226E-2,3.761430085E-1
1.538444907E1,4.997000098E-2,-1.261090040E-1,2.867929935E-1
1.540449301E1,3.564700112E-2,-1.590580046E-1,2.095700055E-1
1.542453678E1,-1.855299994E-2,-6.358099729E-2,4.419599846E-2
1.544458046E1,-2.830100060E-2,-1.110000012E-4,-1.278389990E-1
1.546462438E1,-1.133780032E-1,1.048159972E-1,-2.444529980E-1
1.548466817E1,-5.625399947E-2,1.237730011E-1,-2.864730060E-1
1.550471209E1,-4.646100104E-2,1.412799954E-1,-2.354409993E-1
1.552475579E1,2.776299976E-2,9.272900224E-2,-5.784500018E-2
1.554479955E1,2.435900085E-2,5.128600076E-2,1.622820050E-1
1.556484349E1,7.945399731E-2,-6.239800155E-2,3.913699985E-1
1.558488726E1,9.705799818E-2,-1.958860010E-1,5.723400116E-1
1.560493096E1,3.587000072E-2,-1.197839975E-1,2.775290012E-1
1.562497497E1,-4.219700024E-2,-2.043299936E-2,-1.527799964E-1
1.564501867E1,-1.326780021E-1,7.570400089E-2,-3.913629949E-1
1.566506257E1,-3.884000005E-3,2.463199943E-2,-2.490690053E-1
1.568510633E1,-5.602300167E-2,8.663900197E-2,-2.103230059E-1
1.570515001E1,1.110000012E-4,5.772899836E-2,-1.145860031E-1
1.572519392E1,6.895799935E-2,-5.073999986E-3,1.915300041E-1
1.574523772E1,3.362299874E-2,-3.424900025E-2,3.993799984E-1
1.576528167E1,4.169199988E-2,-3.608499840E-2,2.818590105E-1
1.578532543E1,-1.173499972E-2,-8.847000077E-3,1.350700017E-2
1.580536911E1,2.322800085E-2,2.871399932E-2,-1.256900001E-2
1.582541312E1,-4.792900011E-2,9.848199785E-2,-1.223540008E-1
1.584545683E1,1.256900001E-2,1.481099986E-2,-1.363520026E-1
1.586550074E1,-3.038400039E-2,-5.646700040E-2,4.525199905E-2
1.588554450E1,-1.622699946E-2,-8.405400068E-2,1.191060022E-1
1.590558820E1,-6.453999784E-3,-2.789999917E-2,5.903400108E-2
1.592563220E1,-1.291999943E-3,-2.017799951E-2,6.615000218E-2
1.594567589E1,-1.770499907E-2,3.717200086E-2,3.840999911E-3
1.596571979E1,6.277400255E-2,3.102399968E-2,-3.665599972E-2
1.598576358E1,-1.039899979E-2,8.539000154E-2,-1.733200066E-2
1.600580751E1,2.269399911E-2,2.497299947E-2,1.119199954E-2
1.602585129E1,3.907199949E-2,6.510999985E-3,1.115190014E-1
1.604589498E1,2.098100074E-2,-2.668399923E-2,1.114109978E-1
1.606593888E1,-3.740099818E-2,-2.142100036E-2,1.614599973E-1
1.608598264E1,1.693999977E-3,3.350999905E-3,1.852760017E-1
1.610602656E1,2.847299911E-2,1.023100037E-2,-1.042239964E-1
1.612607031E1,-1.249700040E-2,9.167499840E-2,-2.931199968E-1
1.614611422E1,-3.924000077E-3,1.966900006E-2,-1.325930059E-1
1.616615791E1,3.371300176E-2,-6.214600056E-2,1.514769942E-1
1.618620169E1,1.018240005E-1,-1.042610034E-1,3.592279851E-1
1.620624570E1,-4.167300090E-2,9.325899929E-2,2.078420073E-1
1.622628940E1,1.975500025E-2,-4.519400001E-2,2.179799974E-1
1.624633308E1,-4.390599951E-2,1.793889999E-1,9.919500351E-2
1.626637708E1,-3.714099899E-2,1.437429935E-1,-2.178999931E-1
1.628642103E1,7.918100059E-2,2.571099997E-2,-2.008830011E-1
1.630646472E1,1.149220020E-1,-1.395069957E-1,1.256110072E-1
1.632650850E1,1.521359980E-1,-2.347110063E-1,4.543000087E-2
1.634655242E1,1.614259928E-1,-2.313770056E-1,-8.474399894E-2
1.636659622E1,7.065209746E-1,-7.582949996E-1,7.513999939E-3
1.638664014E1,-3.898299858E-2,-4.131210148E-1,-6.066700071E-2
1.640668393E1,-6.913200021E-2,-1.986200064E-1,-1.012459993E-1
1.642672764E1,-1.678819954E-1,4.399000201E-3,3.015739918E-1
1.644677159E1,-4.778720140E-1,3.937000036E-1,2.053930014E-1
1.646681560E1,-7.317749858E-1,6.843789816E-1,-7.149600238E-2
1.648685937E1,-5.788630247E-1,6.561939716E-1,-1.768690050E-1
1.650690306E1,-5.948359966E-1,6.292459965E-1,-1.773360074E-1
1.652694700E1,-2.975299954E-1,4.732939899E-1,-7.901000232E-2
1.654699068E1,5.592999980E-3,5.195900053E-2,1.715569943E-1
1.656703471E1,2.065750062E-1,-1.496129930E-1,4.032140076E-1
1.658707851E1,2.622309923E-1,-2.758510113E-1,2.489109933E-1
1.660712219E1,4.200299978E-1,-3.095700145E-1,1.109390035E-1
1.662716619E1,4.246009886E-1,-2.875379920E-1,7.369799912E-2
1.664720987E1,3.128669858E-1,-1.928180009E-1,1.583050042E-1
1.666725373E1,1.717080027E-1,-8.991900086E-2,-4.180000164E-3
1.668729749E1,1.203180030E-1,-1.059100032E-2,-1.053920016E-1
1.670734142E1,1.723299921E-2,5.121900141E-2,-2.134090066E-1
1.672738520E1,2.210400067E-2,1.185300015E-2,-2.675900050E-2
1.674742913E1,4.455999937E-3,2.766000107E-3,4.202900082E-2
1.676747289E1,1.190619990E-1,-9.900599718E-2,1.532499958E-2
1.678751681E1,-9.042000398E-3,-1.415000018E-2,1.482199971E-2
1.680756051E1,1.960200071E-2,-6.669899821E-2,1.244670004E-1
1.682760451E1,6.659100205E-2,-9.470800310E-2,1.308089942E-1
1.684764825E1,6.976999808E-3,-7.880999893E-2,2.118179947E-1
1.686769219E1,-1.743200049E-2,-3.223700076E-2,2.335550040E-1
1.688773588E1,-8.385699987E-2,2.292600088E-2,1.128800027E-2
1.690777987E1,-2.094800025E-2,4.838500172E-2,-7.440699637E-2
1.692782357E1,-1.065580025E-1,8.852499723E-2,-4.252799973E-2
1.694786732E1,-1.358599961E-1,9.937699884E-2,6.620399654E-2
1.696791123E1,-2.262499928E-2,5.684600025E-2,4.908000119E-3
1.698795505E1,-1.615099981E-2,9.765300155E-2,-1.807090044E-1
1.700799898E1,-6.330099702E-2,1.030829996E-1,-1.536760032E-1
1.702804275E1,-2.758199908E-2,-1.437699981E-2,-3.221000079E-3
1.704808666E1,1.331190020E-1,-1.484899968E-1,1.295479983E-1
1.706813042E1,1.091839969E-1,-1.570069939E-1,2.264540046E-1
1.708817436E1,-8.027999662E-3,-1.924400032E-2,2.239090055E-1
1.710821806E1,-5.997300148E-2,2.938999981E-2,3.740999848E-2
1.712826206E1,-7.392399758E-2,6.004700065E-2,2.202000003E-3
1.714830577E1,-1.136419997E-1,9.763500094E-2,7.277099788E-2
1.716834955E1,-1.283009946E-1,8.163399994E-2,-1.063079983E-1
1.718839355E1,9.216299653E-2,-7.795500010E-2,-3.927699849E-2
1.720843746E1,4.552600160E-2,-6.539600343E-2,7.036600262E-2
1.722848123E1,-6.497800350E-2,8.430000395E-3,4.614000022E-2
1.724852492E1,5.391699821E-2,-4.031699896E-2,-7.595799863E-2
1.726856893E1,1.396800019E-2,-2.981299907E-2,-4.504200071E-2
1.728861264E1,2.310300060E-2,-2.248200029E-2,6.233400106E-2
1.730865658E1,-1.957299933E-2,2.342299931E-2,5.523300171E-2
1.732870035E1,-5.376800150E-2,4.453900084E-2,1.202320009E-1
1.734874428E1,5.379999988E-3,-1.087000035E-2,1.779720038E-1
1.736878806E1,-9.708400071E-2,7.041700184E-2,1.044510007E-1
1.738883198E1,-9.352199733E-2,1.020419970E-1,1.315560043E-1
1.740887575E1,1.317299996E-2,1.022300031E-2,6.262599677E-2
1.742891966E1,2.711999929E-3,4.551799968E-2,-1.837809980E-1
1.744896344E1,2.963499911E-2,6.086799875E-2,-1.693560034E-1
1.746900736E1,8.887899667E-2,-4.948899895E-2,4.330899939E-2
1.748905113E1,5.099700019E-2,-6.859900057E-2,5.195200071E-2
1.750909504E1,2.835400030E-2,-5.549899861E-2,9.175600111E-2
1.752913881E1,6.331100315E-2,-9.368800372E-2,2.110020071E-1
1.754918273E1,-1.679600030E-2,-3.303299844E-2,1.679179966E-1
1.756922652E1,-1.403959990E-1,7.826299965E-2,5.095100030E-2
1.758927042E1,3.634399921E-2,2.812699974E-2,-7.073099911E-2
1.760931420E1,1.528100017E-2,1.489400025E-2,-2.186599933E-2
1.762935813E1,-4.540460110E-1,4.420160055E-1,-2.054579973E0
1.764940190E1,2.192730010E-1,-3.442740142E-1,1.825531006E0
