"Time (s)","Latitude (°)","Longitude (°)","Altitude (m)","Altitude WGS84 (m)","Speed (m/s)","Direction (°)","Distance (km)","Horizontal Accuracy (m)","Vertical Accuracy (m)","Satellites"
1.186602187E0,4.300164557E1,-7.879105620E1,1.914126685E2,1.567013550E2,1.639999986E0,3.530000000E2,8.435439971E-4,9.812183380E0,1.031295681E1,0.000000000E0
1.193750417E0,4.300165310E1,-7.879105746E1,1.916178215E2,1.569064941E2,1.639999986E0,3.530000000E2,7.443457854E-3,1.021254158E1,1.031295681E1,0.000000000E0
2.200982031E0,4.300165715E1,-7.879113843E1,1.840225733E2,1.493112183E2,1.409999967E0,9.000000000E0,1.373341133E-2,6.118237019E0,6.400921345E0,1.200000000E1
3.217686041E0,4.300161769E1,-7.879119385E1,1.769518984E2,1.422406006E2,1.370000005E0,8.199999809E0,1.584521991E-2,3.790092468E0,3.306462288E0,1.200000000E1
4.216440311E0,4.300163107E1,-7.879117542E1,1.774736464E2,1.427623291E2,1.370000005E0,8.300000191E0,1.739437114E-2,3.790092468E0,2.500000000E0,2.200000000E1
5.221717082E0,4.300164407E1,-7.879116857E1,1.783348742E2,1.436235352E2,1.169999957E0,6.699999809E0,1.864307189E-2,3.790092468E0,2.500000000E0,2.200000000E1
6.218052602E0,4.300165515E1,-7.879117107E1,1.778391062E2,1.431277466E2,1.360000014E0,3.558999939E2,1.960779837E-2,3.790092468E0,2.500000000E0,2.200000000E1
7.208057498E0,4.300166381E1,-7.879117179E1,1.771152451E2,1.424038696E2,1.450000048E0,3.581000061E2,2.149096353E-2,3.790092468E0,2.500000000E0,2.200000000E1
8.207646456E0,4.300168056E1,-7.879116837E1,1.777830601E2,1.430716553E2,1.669999957E0,1.799999952E0,2.248326369E-2,3.790092468E0,2.500000000E0,2.300000000E1
9.218914684E0,4.300168850E1,-7.879117394E1,1.768084054E2,1.420969849E2,1.100000024E0,2.050000000E1,2.391280190E-2,3.790092468E0,2.500000000E0,2.300000000E1
1.021355713E1,4.300170053E1,-7.879118014E1,1.765805844E2,1.418691406E2,1.649999976E0,1.189999962E1,2.514888100E-2,3.790092468E0,2.500000000E0,2.300000000E1
1.120776958E1,4.300170575E1,-7.879116672E1,1.766964351E2,1.419849854E2,1.139999986E0,1.189999962E1,2.604729868E-2,3.790092468E0,2.500000000E0,2.200000000E1
1.221548000E1,4.300171145E1,-7.879115889E1,1.776021441E2,1.428906860E2,7.900000215E-1,1.189999962E1,2.729034883E-2,3.790092468E0,2.500000000E0,2.200000000E1
1.320689255E1,4.300172253E1,-7.879115686E1,1.776906035E2,1.429791260E2,1.289999962E0,1.189999962E1,2.856110098E-2,3.790092468E0,2.515948534E0,2.300000000E1
1.422108416E1,4.300173395E1,-7.879115745E1,1.784939690E2,1.437824707E2,1.149999976E0,1.189999962E1,3.020755198E-2,3.790092468E0,2.500000000E0,2.300000000E1
1.522237041E1,4.300174871E1,-7.879115584E1,1.792266612E2,1.445151367E2,1.750000000E0,7.199999809E0,3.197180654E-2,3.790092468E0,2.500000000E0,2.300000000E1
1.621161432E1,4.300176449E1,-7.879115358E1,1.790702560E2,1.443587036E2,1.549999952E0,1.189999962E1,3.372085935E-2,3.790092468E0,2.500000000E0,2.300000000E1
1.721317234E1,4.300178005E1,-7.879115043E1,1.794876417E2,1.447760620E2,1.779999971E0,1.280000019E1,3.557692909E-2,3.790092468E0,2.500000000E0,2.300000000E1
1.822483609E1,4.300179663E1,-7.879114779E1,1.795569458E2,1.448453369E2,1.730000019E0,8.899999619E0,3.724596422E-2,3.790092468E0,2.500000000E0,2.300000000E1
1.921721327E1,4.300181152E1,-7.879114520E1,1.804645648E2,1.457529297E2,1.340000033E0,1.189999962E1,3.866730433E-2,3.790092468E0,2.500000000E0,2.300000000E1
2.022040359E1,4.300182430E1,-7.879114486E1,1.798113895E2,1.450997314E2,1.259999990E0,4.599999905E0,3.981152449E-2,3.790092468E0,2.500000000E0,2.300000000E1
2.121112421E1,4.300183453E1,-7.879114334E1,1.800018373E2,1.452901611E2,8.999999762E-1,1.100000000E1,4.088455831E-2,3.790092468E0,2.500000000E0,2.300000000E1
2.221884546E1,4.300184418E1,-7.879114331E1,1.797342765E2,1.450225830E2,1.159999967E0,3.571000061E2,4.199125924E-2,3.790092468E0,2.500000000E0,2.300000000E1
2.321555775E1,4.300185412E1,-7.879114400E1,1.797024953E2,1.449907837E2,9.499999881E-1,3.571000061E2,4.322696737E-2,3.790092468E0,2.500000000E0,2.300000000E1
2.421373431E1,4.300186520E1,-7.879114517E1,1.796616831E2,1.449499512E2,1.320000052E0,3.541000061E2,4.486936797E-2,3.790092468E0,2.500000000E0,2.300000000E1
2.521151223E1,4.300187997E1,-7.879114501E1,1.795573395E2,1.448455811E2,1.750000000E0,2.900000095E0,4.664834345E-2,3.790092468E0,2.500000000E0,2.300000000E1
2.622502754E1,4.300189594E1,-7.879114370E1,1.796277415E2,1.449159546E2,1.669999957E0,3.000000119E-1,4.849646772E-2,3.790092468E0,2.500000000E0,2.300000000E1
2.720983942E1,4.300191256E1,-7.879114389E1,1.792751104E2,1.445632935E2,2.019999981E0,3.552999878E2,5.010852256E-2,3.790092468E0,2.500000000E0,2.300000000E1
2.820717207E1,4.300192705E1,-7.879114453E1,1.797805688E2,1.450687256E2,1.419999957E0,5.000000000E-1,5.110455736E-2,3.790092468E0,2.500000000E0,2.300000000E1
2.922337270E1,4.300193598E1,-7.879114549E1,1.796425237E2,1.449306641E2,1.009999990E0,3.299999952E0,5.186079133E-2,3.790092468E0,2.500000000E0,2.300000000E1
3.022263754E1,4.300194271E1,-7.879114415E1,1.797646058E2,1.450527344E2,9.900000095E-1,3.500000000E0,5.263286439E-2,3.790092468E0,2.500000000E0,2.300000000E1
3.121565634E1,4.300194964E1,-7.879114356E1,1.796354677E2,1.449235840E2,8.999999762E-1,3.299999952E0,5.344721154E-2,3.790092468E0,2.500000000E0,2.300000000E1
3.221036942E1,4.300195695E1,-7.879114417E1,1.796293165E2,1.449174194E2,1.070000052E0,3.536000061E2,5.459468169E-2,3.790092468E0,2.500000000E0,2.300000000E1
3.321284218E1,4.300196709E1,-7.879114679E1,1.795776387E2,1.448657227E2,1.440000057E0,3.532999878E2,5.611675331E-2,3.790092468E0,2.500000000E0,2.300000000E1
3.422671634E1,4.300198067E1,-7.879114914E1,1.800001491E2,1.452882080E2,1.639999986E0,3.568999939E2,5.777321518E-2,3.790092468E0,2.500000000E0,2.300000000E1
3.522411462E1,4.300199539E1,-7.879115227E1,1.800238581E2,1.453118896E2,1.720000029E0,3.540000000E2,5.932396536E-2,3.790092468E0,2.500000000E0,2.300000000E1
3.621647144E1,4.300200933E1,-7.879115284E1,1.798222842E2,1.451102905E2,1.620000005E0,2.299999952E0,6.074250714E-2,3.790092468E0,2.500000000E0,2.300000000E1
3.721470967E1,4.300202204E1,-7.879115134E1,1.797410080E2,1.450289917E2,1.429999948E0,3.556000061E2,6.194437040E-2,3.790092468E0,2.500000000E0,2.300000000E1
3.820968733E1,4.300203284E1,-7.879115075E1,1.795490107E2,1.448369751E2,1.100000024E0,3.550000000E2,6.280394565E-2,3.790092468E0,2.500000000E0,2.400000000E1
3.921236535E1,4.300204057E1,-7.879115065E1,1.794171887E2,1.447051392E2,7.799999714E-1,3.551000061E2,6.361931535E-2,3.790092468E0,2.500000000E0,2.500000000E1
4.021072624E1,4.300204788E1,-7.879115144E1,1.791103783E2,1.443983154E2,9.499999881E-1,3.548999939E2,6.482186132E-2,3.790092468E0,2.500000000E0,2.500000000E1
4.120649040E1,4.300205867E1,-7.879115244E1,1.794027564E2,1.446906738E2,1.279999971E0,3.541000061E2,6.642978514E-2,3.790092468E0,2.500000000E0,2.500000000E1
4.222095400E1,4.300207312E1,-7.879115319E1,1.789981196E2,1.442860107E2,1.639999986E0,3.577999878E2,6.819961648E-2,3.790092468E0,2.500000000E0,2.500000000E1
4.320805566E1,4.300208902E1,-7.879115418E1,1.790950113E2,1.443828735E2,1.570000052E0,5.900000095E0,6.997419812E-2,3.790092468E0,2.500000000E0,2.500000000E1
4.421120816E1,4.300210496E1,-7.879115311E1,1.791805500E2,1.444683838E2,1.730000019E0,5.300000191E0,7.164277142E-2,3.790092468E0,2.500000000E0,2.500000000E1
4.521529300E1,4.300211990E1,-7.879115119E1,1.795655862E2,1.448533936E2,1.480000019E0,7.800000191E0,7.293951190E-2,3.790092468E0,2.500000000E0,2.500000000E1
4.621557300E1,4.300213152E1,-7.879114984E1,1.798866518E2,1.451744385E2,1.100000024E0,6.400000095E0,7.403038793E-2,3.790092468E0,2.500000000E0,2.500000000E1
4.722152951E1,4.300214132E1,-7.879115046E1,1.796254391E2,1.449132080E2,1.009999990E0,6.099999905E0,7.502384064E-2,3.790092468E0,2.500000000E0,2.500000000E1
4.820595785E1,4.300215022E1,-7.879115153E1,1.795968910E2,1.448846436E2,9.599999785E-1,6.000000000E0,7.618186369E-2,3.790092468E0,2.500000000E0,2.500000000E1
4.921141566E1,4.300216050E1,-7.879115381E1,1.795890366E2,1.448767700E2,1.149999976E0,3.596000061E2,7.768307513E-2,3.790092468E0,2.500000000E0,2.500000000E1
5.021293680E1,4.300217384E1,-7.879115665E1,1.797497669E2,1.450374756E2,1.490000010E0,3.568999939E2,7.915267791E-2,3.790092468E0,2.500000000E0,2.500000000E1
5.120845436E1,4.300218699E1,-7.879115846E1,1.798705186E2,1.451582031E2,1.259999990E0,3.000000119E-1,8.090511920E-2,3.790092468E0,2.500000000E0,2.500000000E1
5.222066607E1,4.300220275E1,-7.879115853E1,1.799641750E2,1.452518311E2,2.039999962E0,6.000000000E0,8.266890040E-2,3.790092468E0,2.500000000E0,2.500000000E1
5.321779264E1,4.300221861E1,-7.879115888E1,1.797878121E2,1.450754395E2,1.519999981E0,1.000000000E1,8.394666789E-2,3.790092468E0,2.500000000E0,2.500000000E1
5.420826555E1,4.300223006E1,-7.879116021E1,1.794001377E2,1.446877441E2,1.009999990E0,3.552000122E2,8.486223133E-2,3.790092468E0,2.500000000E0,2.500000000E1
5.520811357E1,4.300223826E1,-7.879116123E1,1.792105165E2,1.444981079E2,8.399999738E-1,3.566000061E2,8.575406424E-2,3.790092468E0,2.500000000E0,2.500000000E1
5.621102008E1,4.300224624E1,-7.879116233E1,1.792585659E2,1.445461426E2,9.300000072E-1,3.562000122E2,8.689277831E-2,3.790092468E0,2.500000000E0,2.500000000E1
5.720530383E1,4.300225647E1,-7.879116297E1,1.788703398E2,1.441578979E2,1.309999943E0,6.199999809E0,8.834170662E-2,3.790092468E0,2.500000000E0,2.500000000E1
5.821552795E1,4.300226950E1,-7.879116281E1,1.795016499E2,1.447891846E2,1.600000024E0,4.400000095E0,8.999674749E-2,3.790092468E0,2.500000000E0,2.500000000E1
5.920909566E1,4.300228438E1,-7.879116329E1,1.793992599E2,1.446867676E2,1.710000038E0,4.699999809E0,9.150516656E-2,3.790092468E0,2.500000000E0,2.500000000E1
6.022030019E1,4.300229794E1,-7.879116382E1,1.798405076E2,1.451279907E2,1.379999995E0,3.500000000E0,9.249602148E-2,3.790092468E0,2.500000000E0,2.500000000E1
6.121683180E1,4.300230685E1,-7.879116364E1,1.799713220E2,1.452587891E2,7.699999809E-1,5.199999809E0,9.323107312E-2,3.790092468E0,2.500000000E0,2.500000000E1
6.221811706E1,4.300231336E1,-7.879116207E1,1.803154495E2,1.456029053E2,8.399999738E-1,3.799999952E0,9.413950269E-2,3.790092468E0,2.500000000E0,2.500000000E1
6.320921873E1,4.300232149E1,-7.879116097E1,1.799913672E2,1.452788086E2,9.200000167E-1,3.400000095E0,9.526051129E-2,3.790092468E0,2.500000000E0,2.500000000E1
6.421552341E1,4.300233151E1,-7.879115945E1,1.801064972E2,1.453939209E2,1.200000048E0,3.799999952E0,9.660152529E-2,3.790092468E0,2.500000000E0,2.500000000E1
6.521326372E1,4.300234355E1,-7.879115850E1,1.803367433E2,1.456241455E2,1.309999943E0,5.300000191E0,9.765552064E-2,3.790092468E0,2.500000000E0,2.500000000E1
6.621755279E1,4.300235289E1,-7.879115629E1,1.800598431E2,1.453472290E2,7.699999809E-1,4.500000000E0,9.831992749E-2,3.790092468E0,2.500000000E0,2.500000000E1
6.721265987E1,4.300235792E1,-7.879115188E1,1.796368774E2,1.449242554E2,7.099999785E-1,4.000000000E0,9.909606662E-2,3.790092468E0,2.500000000E0,2.500000000E1
6.821165820E1,4.300235917E1,-7.879114249E1,1.794063475E2,1.446937256E2,9.300000072E-1,1.056999969E2,1.004436550E-1,3.790092468E0,2.500000000E0,2.500000000E1
6.922391039E1,4.300235405E1,-7.879112747E1,1.792242056E2,1.445115967E2,1.590000033E0,1.155999985E2,1.023298638E-1,3.790092468E0,2.500000000E0,2.500000000E1
7.020872831E1,4.300234280E1,-7.879111011E1,1.789374378E2,1.442248535E2,1.840000033E0,1.313999939E2,1.043675414E-1,3.790092468E0,2.500000000E0,2.500000000E1
7.120605581E1,4.300232831E1,-7.879109477E1,1.794586481E2,1.447460938E2,1.960000038E0,1.468000031E2,1.059399595E-1,3.790092468E0,2.500000000E0,2.500000000E1
7.221848581E1,4.300231588E1,-7.879108555E1,1.792284598E2,1.445159302E2,1.149999976E0,1.470000000E2,1.070341899E-1,3.790092468E0,2.500000000E0,2.500000000E1
7.322354091E1,4.300230699E1,-7.879107978E1,1.791294432E2,1.444169312E2,1.129999995E0,1.468999939E2,1.080530491E-1,3.790092468E0,2.500000000E0,2.500000000E1
7.421697070E1,4.300229928E1,-7.879107301E1,1.790158412E2,1.443033447E2,9.700000286E-1,1.393000031E2,1.090586176E-1,3.790092468E0,2.500000000E0,2.500000000E1
7.521605930E1,4.300229263E1,-7.879106463E1,1.788219795E2,1.441094971E2,1.080000043E0,1.390000000E2,1.102273772E-1,3.790092468E0,2.500000000E0,2.500000000E1
7.622238607E1,4.300228558E1,-7.879105397E1,1.789307287E2,1.442182617E2,1.210000038E0,1.341000061E2,1.118514871E-1,3.790092468E0,2.500000000E0,2.500000000E1
7.720825476E1,4.300227471E1,-7.879104063E1,1.786851003E2,1.439726562E2,1.899999976E0,1.380000000E2,1.136436691E-1,3.790092468E0,2.500000000E0,2.500000000E1
7.822091929E1,4.300226212E1,-7.879102687E1,1.784131015E2,1.437006836E2,1.639999986E0,1.350000000E2,1.152425229E-1,3.790092468E0,2.500000000E0,2.500000000E1
7.921133211E1,4.300225092E1,-7.879101454E1,1.787104415E2,1.439980469E2,1.570000052E0,1.380000000E2,1.165215917E-1,3.790092468E0,2.500000000E0,2.500000000E1
8.021425346E1,4.300224159E1,-7.879100534E1,1.787793310E2,1.440669556E2,1.029999971E0,1.383000031E2,1.175004104E-1,3.790092468E0,2.500000000E0,2.500000000E1
8.122431794E1,4.300223420E1,-7.879099880E1,1.781516916E2,1.434393311E2,9.399999976E-1,1.385000000E2,1.185726184E-1,3.790092468E0,2.500000000E0,2.500000000E1
8.221390382E1,4.300222564E1,-7.879099273E1,1.783349021E2,1.436225586E2,1.139999986E0,1.528000031E2,1.197376799E-1,3.790092468E0,2.500000000E0,2.500000000E1
8.322409752E1,4.300221726E1,-7.879098413E1,1.781997530E2,1.434874268E2,1.269999981E0,1.401999969E2,1.211643871E-1,3.790092468E0,2.500000000E0,2.500000000E1
8.421740023E1,4.300220790E1,-7.879097213E1,1.781609148E2,1.434486084E2,1.590000033E0,1.408000031E2,1.228291777E-1,3.790092468E0,2.500000000E0,2.500000000E1
8.520719075E1,4.300219751E1,-7.879095739E1,1.779941443E2,1.432818604E2,1.679999948E0,1.373999939E2,1.244801246E-1,3.790092468E0,2.500000000E0,2.500000000E1
8.621954174E1,4.300218807E1,-7.879094172E1,1.780301951E2,1.433179321E2,1.490000010E0,1.361000061E2,1.258246715E-1,3.790092468E0,2.500000000E0,2.500000000E1
8.721558570E1,4.300218047E1,-7.879092886E1,1.781727563E2,1.434605103E2,1.179999948E0,1.343000031E2,1.267726460E-1,3.790092468E0,2.500000000E0,2.500000000E1
8.820951887E1,4.300217532E1,-7.879091957E1,1.773670806E2,1.426548462E2,8.299999833E-1,1.348000031E2,1.276218785E-1,3.790092468E0,2.500000000E0,2.500000000E1
8.920977491E1,4.300217060E1,-7.879091136E1,1.772704514E2,1.425582275E2,9.800000191E-1,1.361000061E2,1.286924245E-1,3.790092468E0,2.500000000E0,2.500000000E1
9.021124132E1,4.300216446E1,-7.879090122E1,1.774866243E2,1.427744141E2,1.210000038E0,1.301999969E2,1.298311263E-1,3.790092468E0,2.500000000E0,2.500000000E1
9.122665528E1,4.300215766E1,-7.879089075E1,1.775522832E2,1.428400879E2,1.169999957E0,1.306999969E2,1.311800830E-1,3.790092468E0,2.500000000E0,2.500000000E1
9.221690127E1,4.300214961E1,-7.879087834E1,1.775041699E2,1.427919922E2,1.549999952E0,1.351000061E2,1.325939279E-1,3.790092468E0,2.500000000E0,2.500000000E1
9.321482830E1,4.300214078E1,-7.879086583E1,1.771073002E2,1.423951416E2,1.399999976E0,1.353000031E2,1.340748030E-1,3.790092468E0,2.500000000E0,2.500000000E1
9.421819049E1,4.300213159E1,-7.879085265E1,1.774429737E2,1.427308350E2,1.620000005E0,1.341000061E2,1.352450594E-1,3.790092468E0,2.500000000E0,2.500000000E1
9.521369038E1,4.300212471E1,-7.879084176E1,1.772215230E2,1.425093994E2,8.799999952E-1,1.336999969E2,1.361524401E-1,3.790092468E0,2.500000000E0,2.500000000E1
9.621126054E1,4.300211916E1,-7.879083358E1,1.765330344E2,1.418209229E2,9.100000262E-1,1.356000061E2,1.371705919E-1,3.790092468E0,2.500000000E0,2.500000000E1
9.721949236E1,4.300211291E1,-7.879082443E1,1.764017342E2,1.416896362E2,1.049999952E0,1.318000031E2,1.383712471E-1,3.790092468E0,2.500000000E0,2.400000000E1
9.822064351E1,4.300210642E1,-7.879081263E1,1.771159529E2,1.424038696E2,1.179999948E0,1.270999985E2,1.398938125E-1,3.790092468E0,2.500000000E0,2.400000000E1
9.921742538E1,4.300209759E1,-7.879079832E1,1.773498812E2,1.426378174E2,1.610000014E0,1.343999939E2,1.415735684E-1,3.790092468E0,2.500000000E0,2.400000000E1
1.002762042E2,4.300208671E1,-7.879078399E1,1.771806075E2,1.424685669E2,1.490000010E0,1.395000000E2,1.432199440E-1,3.790092468E0,2.506111622E0,2.400000000E1
1.012187497E2,4.300207457E1,-7.879077240E1,1.779939982E2,1.432819824E2,1.529999971E0,1.466000061E2,1.446881683E-1,3.790092468E0,2.500000000E0,2.400000000E1
1.022211737E2,4.300206365E1,-7.879076225E1,1.776369813E2,1.429249878E2,1.269999981E0,1.358999939E2,1.459157236E-1,3.790092468E0,2.500000000E0,2.400000000E1
1.032233642E2,4.300205476E1,-7.879075330E1,1.769353639E2,1.422233887E2,1.100000024E0,1.363000031E2,1.468510050E-1,3.790092468E0,2.753557920E0,2.500000000E1
1.042147217E2,4.300204812E1,-7.879074624E1,1.769077623E2,1.421958008E2,7.799999714E-1,1.363000031E2,1.476433802E-1,3.790092468E0,2.830784798E0,2.500000000E1
1.052139792E2,4.300204246E1,-7.879074032E1,1.767278189E2,1.420158691E2,8.100000024E-1,1.361000061E2,1.488495326E-1,3.790092468E0,3.138099909E0,2.500000000E1
1.062222127E2,4.300203351E1,-7.879073194E1,1.762057670E2,1.414938354E2,1.350000024E0,1.361000061E2,1.503390058E-1,3.959463358E0,3.531866789E0,2.500000000E1
1.072141780E2,4.300202197E1,-7.879072264E1,1.764858342E2,1.417739258E2,1.549999952E0,1.503999939E2,1.521302754E-1,3.790092468E0,3.392993450E0,2.500000000E1
1.082214645E2,4.300200828E1,-7.879071103E1,1.768456699E2,1.421337891E2,1.870000005E0,1.468000031E2,1.538794191E-1,3.790092468E0,3.196295500E0,2.400000000E1
1.092219806E2,4.300199551E1,-7.879069847E1,1.769640519E2,1.422521973E2,1.600000024E0,1.436999969E2,1.554964093E-1,3.790092468E0,3.105347872E0,2.300000000E1
1.102236636E2,4.300198457E1,-7.879068537E1,1.774316802E2,1.427198486E2,1.600000024E0,1.433999939E2,1.569649956E-1,3.790092468E0,3.195199490E0,2.400000000E1
1.112245057E2,4.300197529E1,-7.879067252E1,1.775982252E2,1.428864136E2,1.350000024E0,1.433000031E2,1.582150692E-1,3.870409250E0,3.265458584E0,2.400000000E1
1.122215606E2,4.300196770E1,-7.879066118E1,1.768752472E2,1.421634521E2,1.179999948E0,1.433000031E2,1.592311153E-1,3.872421503E0,3.348568439E0,2.400000000E1
1.132140957E2,4.300196087E1,-7.879065288E1,1.764285776E2,1.417167969E2,9.700000286E-1,1.486999969E2,1.604483414E-1,3.790092468E0,3.022097111E0,2.400000000E1
1.142231638E2,4.300195299E1,-7.879064249E1,1.764250817E2,1.417133179E2,1.470000029E0,1.411999969E2,1.617639836E-1,3.790092468E0,2.910046816E0,2.400000000E1
1.152146436E2,4.300194458E1,-7.879063111E1,1.766242214E2,1.419124756E2,1.279999971E0,1.483000031E2,1.630377217E-1,3.790092468E0,2.965256214E0,2.500000000E1
1.162227097E2,4.300193664E1,-7.879061982E1,1.766642433E2,1.419525146E2,1.330000043E0,1.483000031E2,1.646040610E-1,3.790092468E0,3.087660074E0,2.500000000E1
1.172277859E2,4.300192614E1,-7.879060698E1,1.768004516E2,1.420887451E2,1.690000057E0,1.483000031E2,1.659580007E-1,3.871400595E0,3.292292118E0,2.500000000E1
1.182224546E2,4.300191608E1,-7.879059760E1,1.762763223E2,1.415646362E2,1.159999967E0,1.485000000E2,1.670778689E-1,3.790092468E0,3.176232576E0,2.500000000E1
1.192259096E2,4.300190777E1,-7.879058982E1,1.757805778E2,1.410689087E2,1.179999948E0,1.481999969E2,1.681851364E-1,3.790092468E0,3.050150156E0,2.500000000E1
1.202227382E2,4.300189991E1,-7.879058146E1,1.750702954E2,1.403586426E2,9.900000095E-1,1.483999939E2,1.692251630E-1,3.790092468E0,3.120319843E0,2.500000000E1
1.212099181E2,4.300189222E1,-7.879057418E1,1.746209999E2,1.399093628E2,9.599999785E-1,1.488999939E2,1.705285986E-1,3.790092468E0,3.082733154E0,2.400000000E1
1.222243378E2,4.300188303E1,-7.879056423E1,1.747174774E2,1.400058594E2,1.450000048E0,1.428000031E2,1.720454069E-1,3.790092468E0,2.963975430E0,2.400000000E1
1.232072452E2,4.300187243E1,-7.879055249E1,1.748290886E2,1.401174927E2,1.450000048E0,1.411999969E2,1.736497225E-1,3.790092468E0,2.902565479E0,2.400000000E1
1.242168633E2,4.300186142E1,-7.879053974E1,1.748556159E2,1.401440430E2,1.519999981E0,1.428000031E2,1.748598074E-1,3.790092468E0,2.987948179E0,2.400000000E1
1.252134916E2,4.300185223E1,-7.879053177E1,1.747352360E2,1.400236816E2,1.019999981E0,1.430000000E2,1.760618601E-1,3.816888809E0,3.155606747E0,2.400000000E1
1.262161904E2,4.300184298E1,-7.879052412E1,1.750764039E2,1.403648682E2,1.429999948E0,1.493999939E2,1.772270959E-1,3.790092468E0,3.169780970E0,2.400000000E1
1.272221770E2,4.300183411E1,-7.879051649E1,1.758966374E2,1.411851196E2,1.080000043E0,1.488000031E2,1.781197156E-1,3.790092468E0,3.318845987E0,2.500000000E1
1.282235657E2,4.300182884E1,-7.879050821E1,1.765080761E2,1.417965698E2,8.899999857E-1,1.471000061E2,1.793194616E-1,3.790092468E0,3.202304125E0,2.500000000E1
1.292179854E2,4.300182296E1,-7.879049584E1,1.766327572E2,1.419212646E2,1.309999943E0,1.466999969E2,1.809207339E-1,3.790092468E0,3.304894686E0,2.500000000E1
1.302129834E2,4.300181615E1,-7.879047849E1,1.769883924E2,1.422769165E2,1.610000014E0,1.241999969E2,1.825616449E-1,3.790092468E0,3.240573645E0,2.500000000E1
1.312181506E2,4.300180987E1,-7.879046023E1,1.771547583E2,1.424432983E2,1.490000010E0,1.279000015E2,1.841834667E-1,3.790092468E0,3.177006483E0,2.500000000E1
1.322087476E2,4.300180301E1,-7.879044263E1,1.771380179E2,1.424265747E2,1.649999976E0,1.268000031E2,1.858768701E-1,3.790092468E0,3.086527348E0,2.500000000E1
1.332215619E2,4.300179534E1,-7.879042464E1,1.775448599E2,1.428334351E2,1.669999957E0,1.270999985E2,1.873056940E-1,3.790092468E0,2.917312860E0,2.400000000E1
1.342225031E2,4.300178877E1,-7.879040954E1,1.777952715E2,1.430838623E2,1.309999943E0,1.265000000E2,1.883182361E-1,3.790092468E0,2.838698626E0,2.400000000E1
1.352244112E2,4.300178493E1,-7.879039825E1,1.775717510E2,1.428603516E2,8.500000238E-1,1.250999985E2,1.891470513E-1,3.790092468E0,2.782957315E0,2.400000000E1
1.362235793E2,4.300178193E1,-7.879038892E1,1.774986231E2,1.427872314E2,7.900000215E-1,1.250999985E2,1.902239998E-1,3.790092468E0,2.816523790E0,2.400000000E1
1.372127966E2,4.300177682E1,-7.879037767E1,1.775711208E2,1.428597412E2,1.240000010E0,1.311999969E2,1.915938479E-1,3.790092468E0,2.733888626E0,2.300000000E1
1.382240556E2,4.300176871E1,-7.879036499E1,1.779387177E2,1.432273560E2,1.350000024E0,1.315000000E2,1.926962293E-1,3.790092468E0,2.712119341E0,2.300000000E1
1.392175248E2,4.300176031E1,-7.879035779E1,1.781838790E2,1.434725342E2,9.700000286E-1,1.313999939E2,1.936804142E-1,3.790092468E0,2.667434216E0,2.400000000E1
1.402227860E2,4.300175236E1,-7.879035247E1,1.786694590E2,1.439581299E2,1.009999990E0,1.313999939E2,1.945704399E-1,3.790092468E0,2.683541775E0,2.400000000E1
1.412132311E2,4.300174465E1,-7.879034953E1,1.779558213E2,1.432445068E2,7.099999785E-1,1.626999969E2,1.956185871E-1,3.790092468E0,2.624839783E0,2.400000000E1
1.422255036E2,4.300173637E1,-7.879034337E1,1.775834904E2,1.428721924E2,1.299999952E0,1.421000061E2,1.969373194E-1,3.790092468E0,2.713433743E0,2.400000000E1
1.432252385E2,4.300172724E1,-7.879033302E1,1.773006955E2,1.425894165E2,1.190000057E0,1.278000031E2,1.980212197E-1,3.790092468E0,2.503855705E0,2.400000000E1
1.442235844E2,4.300172118E1,-7.879032258E1,1.770978621E2,1.423865967E2,9.700000286E-1,1.226999969E2,1.989303515E-1,3.790092468E0,2.500000000E0,2.400000000E1
1.452103363E2,4.300171631E1,-7.879031360E1,1.768651240E2,1.421538696E2,8.000000119E-1,1.279000015E2,1.998570754E-1,3.790092468E0,2.500000000E0,2.300000000E1
1.462223941E2,4.300171053E1,-7.879030539E1,1.771273796E2,1.424161377E2,9.200000167E-1,1.281999969E2,2.011334325E-1,3.790092468E0,2.500000000E0,2.300000000E1
1.472131538E2,4.300170062E1,-7.879029747E1,1.767669471E2,1.420557251E2,1.399999976E0,1.506000061E2,2.023730365E-1,3.790092468E0,2.500000000E0,2.300000000E1
1.482240038E2,4.300169024E1,-7.879029191E1,1.770385334E2,1.423273315E2,8.899999857E-1,1.578999939E2,2.033302621E-1,3.790092468E0,2.500000000E0,2.300000000E1
1.492230477E2,4.300168208E1,-7.879028816E1,1.767687424E2,1.420575562E2,8.100000024E-1,1.568999939E2,2.045986887E-1,3.790092468E0,2.500000000E0,2.300000000E1
1.502227445E2,4.300167227E1,-7.879028020E1,1.766424410E2,1.419312744E2,1.480000019E0,1.448999939E2,2.061011746E-1,3.790092468E0,2.500000000E0,2.200000000E1
1.512248257E2,4.300166222E1,-7.879026785E1,1.768931522E2,1.421820068E2,1.389999986E0,1.326000061E2,2.074374499E-1,3.790092468E0,2.500000000E0,2.300000000E1
1.522244931E2,4.300165463E1,-7.879025511E1,1.769806597E2,1.422695312E2,1.200000048E0,1.288999939E2,2.087144665E-1,3.790092468E0,2.500000000E0,2.300000000E1
1.532122519E2,4.300164806E1,-7.879024223E1,1.770978321E2,1.423867188E2,1.269999981E0,1.249000015E2,2.100660062E-1,3.790092468E0,2.500000000E0,2.300000000E1
1.542234667E2,4.300164084E1,-7.879022886E1,1.770822517E2,1.423711548E2,1.340000033E0,1.318999939E2,2.113694585E-1,3.790092468E0,2.500000000E0,2.300000000E1
1.552245675E2,4.300163322E1,-7.879021668E1,1.765855919E2,1.418745117E2,1.200000048E0,1.305000000E2,2.126724884E-1,3.790092468E0,2.500000000E0,2.300000000E1
1.562197076E2,4.300162500E1,-7.879020526E1,1.770242949E2,1.423132324E2,1.330000043E0,1.371999969E2,2.139568156E-1,3.790092468E0,2.500000000E0,2.300000000E1
1.572220493E2,4.300161660E1,-7.879019442E1,1.765802462E2,1.418692017E2,1.139999986E0,1.353999939E2,2.153984794E-1,3.790092468E0,2.500000000E0,2.300000000E1
1.582138715E2,4.300160707E1,-7.879018240E1,1.768713027E2,1.421602783E2,1.539999962E0,1.383999939E2,2.166361544E-1,3.790092468E0,2.500000000E0,2.200000000E1
1.592191646E2,4.300159856E1,-7.879017259E1,1.764600910E2,1.417490845E2,8.399999738E-1,1.398000031E2,2.176401750E-1,3.790092468E0,2.500000000E0,2.200000000E1
1.602145403E2,4.300159141E1,-7.879016505E1,1.767049493E2,1.419939575E2,1.029999971E0,1.491999969E2,2.188365317E-1,3.790092468E0,2.500000000E0,2.200000000E1
1.612119038E2,4.300158275E1,-7.879015632E1,1.765608275E2,1.418498535E2,1.129999995E0,1.500000000E2,2.197223070E-1,3.790092468E0,2.500000000E0,2.200000000E1
1.622211930E2,4.300157590E1,-7.879015076E1,1.768979109E2,1.421869507E2,6.100000143E-1,1.438999939E2,2.198107414E-1,3.790092468E0,2.500000000E0,2.200000000E1
1.632083087E2,4.300157519E1,-7.879015027E1,1.765181487E2,1.418071899E2,0.000000000E0,NaN,2.204313261E-1,3.790092468E0,2.500000000E0,2.200000000E1
1.642110630E2,4.300157273E1,-7.879015712E1,1.762885928E2,1.415776367E2,9.800000191E-1,1.438000031E2,2.216060448E-1,3.790092468E0,2.500000000E0,2.200000000E1
1.652212666E2,4.300156938E1,-7.879017082E1,1.761385658E2,1.414276123E2,1.389999986E0,2.561000061E2,2.231262956E-1,3.790092468E0,2.500000000E0,2.200000000E1
1.662196511E2,4.300156968E1,-7.879018951E1,1.761741545E2,1.414631958E2,1.259999990E0,2.698999939E2,2.245239008E-1,3.790092468E0,2.500000000E0,2.200000000E1
1.672111277E2,4.300157126E1,-7.879020656E1,1.758226602E2,1.411116943E2,1.190000057E0,2.710000000E2,2.258213800E-1,3.790092468E0,2.500000000E0,2.300000000E1
1.682230108E2,4.300157283E1,-7.879022237E1,1.761349839E2,1.414240112E2,1.129999995E0,2.708999939E2,2.271814152E-1,3.790092468E0,2.500000000E0,2.300000000E1
1.692134004E2,4.300157372E1,-7.879023905E1,1.756735029E2,1.409625244E2,1.330000043E0,2.695000000E2,2.286883476E-1,3.790092468E0,2.500000000E0,2.300000000E1
1.702242800E2,4.300157384E1,-7.879025758E1,1.753253632E2,1.406143799E2,1.429999948E0,2.681000061E2,2.301246272E-1,3.790092468E0,2.500000000E0,2.300000000E1
1.712183481E2,4.300157365E1,-7.879027524E1,1.751608776E2,1.404498901E2,1.220000029E0,2.693999939E2,2.313773536E-1,3.790092468E0,2.500000000E0,2.300000000E1
1.722211779E2,4.300157393E1,-7.879029064E1,1.752562189E2,1.405452271E2,1.100000024E0,2.730000000E2,2.326261138E-1,3.790092468E0,2.500000000E0,2.300000000E1
1.732241177E2,4.300157497E1,-7.879030593E1,1.753060903E2,1.405950928E2,1.230000019E0,2.732000122E2,2.339296529E-1,3.790092468E0,2.500000000E0,2.200000000E1
1.742174239E2,4.300157598E1,-7.879032190E1,1.752520190E2,1.405410156E2,1.230000019E0,2.751000061E2,2.351897439E-1,3.790092468E0,2.500000000E0,2.200000000E1
1.752219620E2,4.300157736E1,-7.879033728E1,1.751939809E2,1.404829712E2,1.159999967E0,2.757000122E2,2.363851937E-1,3.790092468E0,2.500000000E0,2.200000000E1
1.762230845E2,4.300157979E1,-7.879035160E1,1.750869332E2,1.403759155E2,1.179999948E0,2.861000061E2,2.376678937E-1,3.790092468E0,2.500000000E0,2.200000000E1
1.772172453E2,4.300158401E1,-7.879036628E1,1.749319763E2,1.402209473E2,1.259999990E0,2.906000061E2,2.389389788E-1,3.790092468E0,2.500000000E0,2.200000000E1
1.782161624E2,4.300158813E1,-7.879038086E1,1.749701343E2,1.402590942E2,1.240000010E0,2.895000000E2,2.401743205E-1,3.790092468E0,2.500000000E0,2.200000000E1
1.792178799E2,4.300159006E1,-7.879039582E1,1.748979980E2,1.401869507E2,1.220000029E0,2.752999878E2,2.414608161E-1,3.790092468E0,2.500000000E0,2.200000000E1
1.802245606E2,4.300159004E1,-7.879041164E1,1.748380655E2,1.401270142E2,1.240000010E0,2.682999878E2,2.427761946E-1,3.790092468E0,2.500000000E0,2.200000000E1
1.812155221E2,4.300158938E1,-7.879042779E1,1.748254951E2,1.401144409E2,1.269999981E0,2.651000061E2,2.440521559E-1,3.790092468E0,2.500000000E0,2.200000000E1
1.822187247E2,4.300158929E1,-7.879044348E1,1.750474837E2,1.403364258E2,1.250000000E0,2.688999939E2,2.454232832E-1,3.790092468E0,2.500000000E0,2.200000000E1
1.832132178E2,4.300158885E1,-7.879046033E1,1.750224017E2,1.403113403E2,1.370000005E0,2.660000000E2,2.468189544E-1,3.790092468E0,2.500000000E0,2.200000000E1
1.842252382E2,4.300158837E1,-7.879047748E1,1.751444144E2,1.404333496E2,1.309999943E0,2.686000061E2,2.481331894E-1,3.790092468E0,2.500000000E0,2.200000000E1
1.852152339E2,4.300158851E1,-7.879049364E1,1.749183445E2,1.402072754E2,1.169999957E0,2.692999878E2,2.493933108E-1,3.790092468E0,2.500000000E0,2.200000000E1
1.862218692E2,4.300158902E1,-7.879050912E1,1.747882834E2,1.400772095E2,1.190000057E0,2.712999878E2,2.507070042E-1,3.790092468E0,2.500000000E0,2.300000000E1
1.872174409E2,4.300158952E1,-7.879052526E1,1.751454051E2,1.404343262E2,1.240000010E0,2.697000122E2,2.520330710E-1,3.790092468E0,2.500000000E0,2.300000000E1
1.882211978E2,4.300158986E1,-7.879054156E1,1.752450192E2,1.405339355E2,1.309999943E0,2.687999878E2,2.533247431E-1,3.790092468E0,2.500000000E0,2.300000000E1
1.892220853E2,4.300159011E1,-7.879055744E1,1.751838664E2,1.404727783E2,1.179999948E0,2.687999878E2,2.545860980E-1,3.790092468E0,2.500000000E0,2.300000000E1
1.902153089E2,4.300159023E1,-7.879057295E1,1.751775839E2,1.404664917E2,1.190000057E0,2.703999939E2,2.558559681E-1,3.790092468E0,2.500000000E0,2.300000000E1
1.912212558E2,4.300159074E1,-7.879058855E1,1.753454965E2,1.406343994E2,1.200000048E0,2.700000000E2,2.571501622E-1,3.790092468E0,2.500000000E0,2.300000000E1
1.922124058E2,4.300159124E1,-7.879060445E1,1.749662289E2,1.402551270E2,1.279999971E0,2.717999878E2,2.584094712E-1,3.790092468E0,2.500000000E0,2.300000000E1
1.932323112E2,4.300159175E1,-7.879061992E1,1.752096419E2,1.404985352E2,1.159999967E0,2.692999878E2,2.596724411E-1,3.790092468E0,2.500000000E0,2.300000000E1
1.942189978E2,4.300159186E1,-7.879063545E1,1.752816675E2,1.405705566E2,1.299999952E0,2.643999939E2,2.609728069E-1,3.790092468E0,2.500000000E0,2.300000000E1
1.952223972E2,4.300159176E1,-7.879065144E1,1.752452333E2,1.405341187E2,1.299999952E0,2.685000000E2,2.621553126E-1,3.790092468E0,2.500000000E0,2.300000000E1
1.962133227E2,4.300159190E1,-7.879066598E1,1.753655375E2,1.406544189E2,1.179999948E0,2.702000122E2,2.633654384E-1,3.790092468E0,2.500000000E0,2.300000000E1
1.972225746E2,4.300159202E1,-7.879068086E1,1.752347432E2,1.405236206E2,1.309999943E0,2.731000061E2,2.646641778E-1,3.790092468E0,2.500000000E0,2.300000000E1
1.982131133E2,4.300159192E1,-7.879069683E1,1.749364072E2,1.402252808E2,1.279999971E0,2.712000122E2,2.658888677E-1,3.790092468E0,2.500000000E0,2.300000000E1
1.992210769E2,4.300159192E1,-7.879071189E1,1.750856419E2,1.403745117E2,1.159999967E0,2.707999878E2,2.671297282E-1,3.790092468E0,2.500000000E0,2.200000000E1
2.002155632E2,4.300159230E1,-7.879072714E1,1.751055439E2,1.403944092E2,1.210000038E0,2.717000122E2,2.684276240E-1,3.790092468E0,2.500000000E0,2.200000000E1
2.012215180E2,4.300159224E1,-7.879074310E1,1.753180722E2,1.406069336E2,1.299999952E0,2.690000000E2,2.697542709E-1,3.790092468E0,2.500000000E0,2.200000000E1
2.022174295E2,4.300159175E1,-7.879075940E1,1.752759001E2,1.405647583E2,1.320000052E0,2.695000000E2,2.710060094E-1,3.790092468E0,2.500000000E0,2.200000000E1
2.032150103E2,4.300159114E1,-7.879077477E1,1.752086421E2,1.404974976E2,1.129999995E0,2.672999878E2,2.722479276E-1,3.790092468E0,2.500000000E0,2.200000000E1
2.042223921E2,4.300159070E1,-7.879079003E1,1.754843410E2,1.407731934E2,1.269999981E0,2.682000122E2,2.736109649E-1,3.790092468E0,2.500000000E0,2.200000000E1
2.052224536E2,4.300159085E1,-7.879080679E1,1.755459910E2,1.408348389E2,1.340000033E0,2.682000122E2,2.749365042E-1,3.790092468E0,2.500000000E0,2.200000000E1
2.062140404E2,4.300159080E1,-7.879082309E1,1.755207875E2,1.408096313E2,1.200000048E0,2.705000000E2,2.761685632E-1,3.790092468E0,2.500000000E0,2.200000000E1
2.072211654E2,4.300159090E1,-7.879083824E1,1.755532011E2,1.408420410E2,1.210000038E0,2.685000000E2,2.774298652E-1,3.790092468E0,2.500000000E0,2.200000000E1
2.082226487E2,4.300159096E1,-7.879085375E1,1.758382393E2,1.411270752E2,1.190000057E0,2.691000061E2,2.787174487E-1,3.790092468E0,2.500000000E0,2.200000000E1
2.092123738E2,4.300159072E1,-7.879086958E1,1.755650495E2,1.408538818E2,1.289999962E0,2.670000000E2,2.800210672E-1,3.790092468E0,2.500000000E0,2.200000000E1
2.102163190E2,4.300159062E1,-7.879088561E1,1.754573873E2,1.407462158E2,1.250000000E0,2.716000061E2,2.812554644E-1,3.790092468E0,2.500000000E0,2.200000000E1
2.112196605E2,4.300159023E1,-7.879090078E1,1.755737234E2,1.408625488E2,1.200000048E0,2.687999878E2,2.825091538E-1,3.790092468E0,2.500000000E0,2.200000000E1
2.122215534E2,4.300158990E1,-7.879091619E1,1.753582726E2,1.406470947E2,1.240000010E0,2.707000122E2,2.837706542E-1,3.790092468E0,2.500000000E0,2.200000000E1
2.132253052E2,4.300158969E1,-7.879093170E1,1.753574217E2,1.406462402E2,1.289999962E0,2.700000000E2,2.849913527E-1,3.790092468E0,2.500000000E0,2.200000000E1
2.142221379E2,4.300158888E1,-7.879094667E1,1.752087423E2,1.404975586E2,1.149999976E0,2.703999939E2,2.862308194E-1,3.790092468E0,2.500000000E0,2.200000000E1
2.152200355E2,4.300158780E1,-7.879096184E1,1.752511636E2,1.405399780E2,1.250000000E0,2.688999939E2,2.875600350E-1,3.790092468E0,2.500000000E0,2.200000000E1
2.162127378E2,4.300158658E1,-7.879097810E1,1.750379087E2,1.403267212E2,1.299999952E0,2.677000122E2,2.888667351E-1,3.790092468E0,2.500000000E0,2.300000000E1
2.172228613E2,4.300158542E1,-7.879099409E1,1.751122514E2,1.404010620E2,1.259999990E0,2.687000122E2,2.901088657E-1,3.790092468E0,2.500000000E0,2.300000000E1
2.182141565E2,4.300158467E1,-7.879100933E1,1.754615581E2,1.407503662E2,1.230000019E0,2.691000061E2,2.913852839E-1,3.790092468E0,2.500000000E0,2.300000000E1
2.192214675E2,4.300158435E1,-7.879102502E1,1.757407363E2,1.410295410E2,1.289999962E0,2.716000061E2,2.925638310E-1,3.790092468E0,2.500000000E0,2.300000000E1
2.202762043E2,4.300158455E1,-7.879103951E1,1.755305962E2,1.408193970E2,1.120000005E0,2.737000122E2,2.937151036E-1,3.790092468E0,2.500000000E0,2.300000000E1
2.212219876E2,4.300158404E1,-7.879105365E1,1.756648762E2,1.409536743E2,1.250000000E0,2.672000122E2,2.949417209E-1,3.790092468E0,2.500000000E0,2.300000000E1
2.222244585E2,4.300158311E1,-7.879106868E1,1.758993143E2,1.411881104E2,1.250000000E0,2.658999939E2,2.961496159E-1,3.790092468E0,2.500000000E0,2.300000000E1
2.232205576E2,4.300158196E1,-7.879108345E1,1.758230831E2,1.411118774E2,1.230000019E0,2.636000061E2,2.972850651E-1,3.790092468E0,2.500000000E0,2.200000000E1
2.242253874E2,4.300158092E1,-7.879109734E1,1.759290417E2,1.412178345E2,1.139999986E0,2.678999939E2,2.984536778E-1,3.790092468E0,2.500000000E0,2.200000000E1
2.252243800E2,4.300158084E1,-7.879111171E1,1.760271897E2,1.413159790E2,1.289999962E0,2.726000061E2,2.996944294E-1,3.790092468E0,2.500000000E0,2.200000000E1
2.262149912E2,4.300158119E1,-7.879112696E1,1.758285248E2,1.411173096E2,1.269999981E0,2.741000061E2,3.008936250E-1,3.790092468E0,2.500000000E0,2.200000000E1
2.272252472E2,4.300158151E1,-7.879114170E1,1.758636853E2,1.411524658E2,1.210000038E0,2.738999939E2,3.020934616E-1,3.790092468E0,2.500000000E0,2.200000000E1
2.282252446E2,4.300158089E1,-7.879115643E1,1.757120765E2,1.410008545E2,1.220000029E0,2.687000122E2,3.032883055E-1,3.790092468E0,2.500000000E0,2.200000000E1
2.292196873E2,4.300157962E1,-7.879117102E1,1.756228445E2,1.409116211E2,1.250000000E0,2.657000122E2,3.044294577E-1,3.790092468E0,2.500000000E0,2.200000000E1
2.302230922E2,4.300157712E1,-7.879118463E1,1.754101970E2,1.406989746E2,1.129999995E0,2.598999939E2,3.054733296E-1,3.790092468E0,2.500000000E0,2.200000000E1
2.312147683E2,4.300157441E1,-7.879119692E1,1.758880394E2,1.411768188E2,9.399999976E-1,2.578999939E2,3.063231939E-1,3.790092468E0,2.500000000E0,2.200000000E1
2.322108055E2,4.300157256E1,-7.879120706E1,1.758036270E2,1.410924072E2,7.500000000E-1,2.627000122E2,3.067714562E-1,3.790092468E0,2.500000000E0,2.200000000E1
2.332139665E2,4.300157165E1,-7.879121243E1,1.758611218E2,1.411499023E2,2.000000030E-1,2.627000122E2,NaN,3.790092468E0,2.500000000E0,2.200000000E1
