"Time (s)","Latitude (Â°)","Longitude (Â°)","Altitude (m)","Altitude WGS84 (m)","Speed (m/s)","Direction (Â°)","Distance (km)","Horizontal Accuracy (m)","Vertical Accuracy (m)","Satellites"
8.869826794E-1,4.300342587E1,-7.879239505E1,1.816303638E2,1.469155043E2,4.120748608E-2,1.401832785E2,6.070001354E-4,4.694315436E0,3.433356903E0,-1.000000000E0
1.886987567E0,4.300342106E1,-7.879239153E1,1.815907712E2,1.468759212E2,2.482047065E-1,1.401832806E2,1.107193613E-3,4.688023537E0,3.441943107E0,-1.000000000E0
2.886992455E0,4.300341658E1,-7.879239200E1,1.817201363E2,1.470052943E2,2.449288432E-1,1.451445341E2,1.373717382E-3,4.689826507E0,3.439486062E0,-1.000000000E0
3.886997461E0,4.300341426E1,-7.879239116E1,1.813783636E2,1.466635260E2,2.183921817E-1,1.451445339E2,1.887104669E-3,4.695919518E0,3.431162618E0,-1.000000000E0
4.887003899E0,4.300341001E1,-7.879238869E1,1.811958286E2,1.464809993E2,2.836869204E-1,1.451445348E2,2.866605748E-3,4.693185522E0,3.434901263E0,-1.000000000E0
5.887007236E0,4.300340863E1,-7.879237680E1,1.804926411E2,1.457778172E2,7.285148492E-1,1.025521715E2,4.105163540E-3,4.696090301E0,3.430928871E0,-1.000000000E0
6.887012005E0,4.300340851E1,-7.879236157E1,1.802161749E2,1.455013551E2,1.130085595E0,8.968933418E1,5.687521784E-3,4.692020341E0,3.436492711E0,-1.000000000E0
7.887015939E0,4.300340798E1,-7.879234212E1,1.801979793E2,1.454831654E2,1.349043970E0,9.049426981E1,6.839799604E-3,4.693157158E0,3.434940017E0,-1.000000000E0
8.887021065E0,4.300340774E1,-7.879232795E1,1.800491624E2,1.453343524E2,1.242949339E0,9.098425129E1,8.008201882E-3,4.693294941E0,3.434751756E0,-1.000000000E0
9.887026787E0,4.300340854E1,-7.879231363E1,1.800207814E2,1.453059735E2,1.253822436E0,8.922012427E1,9.594850572E-3,4.693964237E0,3.433837034E0,-1.000000000E0
1.088703096E1,4.300340226E1,-7.879229610E1,1.799499170E2,1.452351249E2,1.431074959E0,9.134427331E1,1.074356651E-2,4.697408656E0,3.429123642E0,-1.000000000E0
1.188703597E1,4.300340337E1,-7.879228206E1,1.802239013E2,1.455091107E2,1.371261407E0,8.903280491E1,1.189566397E-2,4.700281604E0,3.425184649E0,-1.000000000E0
1.288704097E1,4.300340056E1,-7.879226842E1,1.803726312E2,1.456578491E2,1.314163035E0,8.797562907E1,1.320684999E-2,4.702723371E0,3.421831370E0,-1.000000000E0
1.388704574E1,4.300339938E1,-7.879225238E1,1.802229286E2,1.455081526E2,1.335946425E0,8.897417577E1,1.446232938E-2,4.705062978E0,3.418613667E0,-1.000000000E0
1.488705099E1,4.300339751E1,-7.879223715E1,1.803273387E2,1.456125699E2,1.300737903E0,8.823453057E1,1.591656443E-2,4.706721192E0,3.416330290E0,-1.000000000E0
1.588705516E1,4.300339564E1,-7.879221945E1,1.798967994E2,1.451820384E2,1.383510618E0,9.082305364E1,1.731174029E-2,4.707844710E0,3.414781870E0,-1.000000000E0
1.688706028E1,4.300339413E1,-7.879220242E1,1.801258290E2,1.454110751E2,1.416943289E0,9.240304908E1,1.834747716E-2,4.705720172E0,3.417708984E0,-1.000000000E0
1.788706565E1,4.300339445E1,-7.879218969E1,1.807457882E2,1.460310368E2,1.288772430E0,9.079816264E1,1.955841968E-2,4.705969760E0,3.417365309E0,-1.000000000E0
1.888707054E1,4.300339500E1,-7.879217482E1,1.804589345E2,1.457441859E2,1.279460888E0,8.863694763E1,2.067385967E-2,4.705362527E0,3.418201358E0,-1.000000000E0
1.988717449E1,4.300339525E1,-7.879216111E1,1.804752914E2,1.457605458E2,1.248231805E0,8.890851397E1,2.181745565E-2,4.705174713E0,3.418459880E0,-1.000000000E0
2.088717747E1,4.300339317E1,-7.879214733E1,1.805497034E2,1.458349650E2,1.210885555E0,9.301295836E1,2.318372908E-2,4.703552422E0,3.420691691E0,-1.000000000E0
2.188717401E1,4.300339124E1,-7.879213074E1,1.805962064E2,1.458814757E2,1.343582419E0,9.417876413E1,2.455388091E-2,4.703415124E0,3.420880472E0,-1.000000000E0
2.288717330E1,4.300339223E1,-7.879211395E1,1.807134529E2,1.459987246E2,1.375022236E0,9.112404633E1,2.596756891E-2,4.705193748E0,3.418433681E0,-1.000000000E0
2.388717341E1,4.300339393E1,-7.879209672E1,1.807165318E2,1.460018047E2,1.387178851E0,8.883739544E1,2.745972392E-2,4.706758261E0,3.416279220E0,-1.000000000E0
2.488716614E1,4.300339392E1,-7.879207837E1,1.804182353E2,1.457035128E2,1.426756017E0,8.638133298E1,2.874407749E-2,4.708930786E0,3.413284033E0,-1.000000000E0
2.588716626E1,4.300339476E1,-7.879206261E1,1.809697852E2,1.462550651E2,1.361700374E0,8.533510050E1,3.020916121E-2,4.708519585E0,3.413851249E0,-1.000000000E0
2.688716149E1,4.300339445E1,-7.879204460E1,1.805743286E2,1.458596136E2,1.321398455E0,8.566430768E1,3.163869062E-2,4.708959111E0,3.413244955E0,-1.000000000E0
2.788715398E1,4.300339498E1,-7.879202704E1,1.803062579E2,1.455915464E2,1.387058848E0,8.501582790E1,3.313385874E-2,4.709545909E0,3.412435254E0,-1.000000000E0
2.888714695E1,4.300339520E1,-7.879200865E1,1.803254462E2,1.456107389E2,1.404593415E0,8.929514834E1,3.439146852E-2,4.709909500E0,3.411933401E0,-1.000000000E0
2.988714314E1,4.300339472E1,-7.879199320E1,1.801408865E2,1.454261839E2,1.414816869E0,9.301631118E1,3.586159565E-2,4.711553537E0,3.409662783E0,-1.000000000E0
3.088713217E1,4.300339476E1,-7.879197512E1,1.801425192E2,1.454278211E2,1.386544940E0,9.042402472E1,3.724605345E-2,4.713415314E0,3.407088656E0,-1.000000000E0
3.188712251E1,4.300339543E1,-7.879195812E1,1.798784521E2,1.451637571E2,1.382427249E0,8.975334315E1,3.869627157E-2,4.713018670E0,3.407637311E0,-1.000000000E0
3.288711500E1,4.300339458E1,-7.879194033E1,1.797793252E2,1.450646361E2,1.475801868E0,9.405658420E1,3.989531934E-2,4.711245011E0,3.410089072E0,-1.000000000E0
3.388710225E1,4.300339414E1,-7.879192559E1,1.800142609E2,1.452995763E2,1.346218262E0,9.308160744E1,4.126979236E-2,4.708526891E0,3.413841172E0,-1.000000000E0
3.488709307E1,4.300339616E1,-7.879190892E1,1.797215375E2,1.450068535E2,1.303138249E0,8.777816779E1,4.277206016E-2,4.706922132E0,3.416053435E0,-1.000000000E0
3.588708436E1,4.300339775E1,-7.879189057E1,1.802415417E2,1.455268594E2,1.393464066E0,8.420965481E1,4.435466075E-2,4.707376148E0,3.415427768E0,-1.000000000E0
3.688707638E1,4.300339570E1,-7.879187131E1,1.803900055E2,1.456753317E2,1.448313560E0,8.991808165E1,4.583668701E-2,4.708669797E0,3.413644061E0,-1.000000000E0
3.788706911E1,4.300339593E1,-7.879185309E1,1.796584602E2,1.449437906E2,1.417573190E0,9.258668837E1,4.743044170E-2,4.708926289E0,3.413290237E0,-1.000000000E0
3.888706136E1,4.300339718E1,-7.879183357E1,1.802390265E2,1.455243595E2,1.440043269E0,8.811272123E1,4.878229760E-2,4.710333381E0,3.411348190E0,-1.000000000E0
3.988705564E1,4.300339625E1,-7.879181699E1,1.799478641E2,1.452332029E2,1.409896381E0,9.014583089E1,5.032944663E-2,4.712237158E0,3.408717941E0,-1.000000000E0
4.088705051E1,4.300339580E1,-7.879179798E1,1.802200998E2,1.455054443E2,1.409139949E0,9.055196722E1,5.188584551E-2,4.712178529E0,3.408798988E0,-1.000000000E0
4.188704550E1,4.300339489E1,-7.879177888E1,1.795617001E2,1.448470509E2,1.400779826E0,9.181190653E1,5.350109104E-2,4.713273338E0,3.407285059E0,-1.000000000E0
4.288704121E1,4.300339191E1,-7.879175944E1,1.795332507E2,1.448186119E2,1.469552121E0,9.783114175E1,5.489013204E-2,4.713758148E0,3.406614324E0,-1.000000000E0
4.388703728E1,4.300339228E1,-7.879174236E1,1.794715900E2,1.447569548E2,1.421149786E0,9.611874539E1,5.618345218E-2,4.715216473E0,3.404595518E0,-1.000000000E0
4.488703406E1,4.300339231E1,-7.879172646E1,1.791999927E2,1.444853614E2,1.413193061E0,9.146519981E1,5.750889572E-2,4.717587652E0,3.401309127E0,-1.000000000E0
4.588703084E1,4.300339291E1,-7.879171018E1,1.790444096E2,1.443297813E2,1.411926499E0,8.939660772E1,5.893815464E-2,4.717532641E0,3.401385426E0,-1.000000000E0
4.688702881E1,4.300339438E1,-7.879169272E1,1.786780120E2,1.439633854E2,1.429517916E0,9.055895656E1,6.026972382E-2,4.718684804E0,3.399786869E0,-1.000000000E0
4.788702571E1,4.300339358E1,-7.879167638E1,1.785065739E2,1.437919528E2,1.419971134E0,9.125454345E1,6.162162598E-2,4.719948559E0,3.398032171E0,-1.000000000E0
4.888702440E1,4.300339483E1,-7.879165984E1,1.785612105E2,1.438465913E2,1.416478394E0,8.910872193E1,6.282437224E-2,4.720945611E0,3.396646812E0,-1.000000000E0
4.988702297E1,4.300339586E1,-7.879164512E1,1.786373391E2,1.439227218E2,1.401998601E0,8.801779152E1,6.420504775E-2,4.720620664E0,3.397098406E0,-1.000000000E0
5.088702154E1,4.300339503E1,-7.879162818E1,1.783406131E2,1.436260015E2,1.415446516E0,9.003367217E1,6.561903779E-2,4.720338059E0,3.397491081E0,-1.000000000E0
5.188702106E1,4.300339883E1,-7.879161158E1,1.783886760E2,1.436740617E2,1.413375543E0,8.130470878E1,6.693673273E-2,4.720557478E0,3.397186208E0,-1.000000000E0
5.288701987E1,4.300339843E1,-7.879159539E1,1.783607096E2,1.436461001E2,1.415105413E0,8.421775330E1,6.833400666E-2,4.721068438E0,3.396476091E0,-1.000000000E0
5.388701940E1,4.300340087E1,-7.879157853E1,1.786153009E2,1.439006912E2,1.407667582E0,8.501622834E1,6.972671795E-2,4.720870985E0,3.396750532E0,-1.000000000E0
5.488701987E1,4.300340239E1,-7.879156153E1,1.788546481E2,1.441400400E2,1.398131592E0,8.717203729E1,7.098657255E-2,4.722975754E0,3.393823369E0,-1.000000000E0
5.588701880E1,4.300340057E1,-7.879154624E1,1.789138615E2,1.441992605E2,1.375305547E0,8.980147063E1,7.227336560E-2,4.723344974E0,3.393309490E0,-1.000000000E0
5.688702023E1,4.300340046E1,-7.879153042E1,1.787742813E2,1.440596845E2,1.326091240E0,9.138954533E1,7.361971757E-2,4.724584406E0,3.391583587E0,-1.000000000E0
5.788702035E1,4.300340390E1,-7.879151454E1,1.787625603E2,1.440479612E2,1.327576436E0,8.475453459E1,7.534819090E-2,4.724963505E0,3.391055427E0,-1.000000000E0
5.888702071E1,4.300340363E1,-7.879149329E1,1.785721559E2,1.438575627E2,1.524759167E0,8.699092945E1,7.671094336E-2,4.724718596E0,3.391396648E0,-1.000000000E0
5.988702202E1,4.300340330E1,-7.879147654E1,1.784994716E2,1.437848831E2,1.434384590E0,8.996238518E1,7.824294540E-2,4.723636840E0,3.392903187E0,-1.000000000E0
6.088702273E1,4.300340392E1,-7.879145772E1,1.783411274E2,1.436265425E2,1.431674598E0,8.893625510E1,7.970439953E-2,4.722725171E0,3.394172063E0,-1.000000000E0
6.188702357E1,4.300340178E1,-7.879143998E1,1.784618512E2,1.437472747E2,1.442355295E0,9.329166848E1,8.117060869E-2,4.722490086E0,3.394499141E0,-1.000000000E0
6.288702548E1,4.300340017E1,-7.879142209E1,1.785203610E2,1.438057918E2,1.435831127E0,9.373475160E1,8.265753104E-2,4.723442971E0,3.393173077E0,-1.000000000E0
6.388702643E1,4.300339963E1,-7.879140382E1,1.783884594E2,1.436738958E2,1.431732418E0,9.313125354E1,8.412236422E-2,4.724287724E0,3.391996836E0,-1.000000000E0
6.488702822E1,4.300339961E1,-7.879138580E1,1.784819553E2,1.437673962E2,1.414822334E0,9.236809291E1,8.553286684E-2,4.724514772E0,3.391680587E0,-1.000000000E0
6.588702989E1,4.300340050E1,-7.879136850E1,1.785712635E2,1.438567072E2,1.373774222E0,8.896629725E1,8.697727186E-2,4.724698332E0,3.391424879E0,-1.000000000E0
6.688703227E1,4.300340182E1,-7.879135083E1,1.784364203E2,1.437218660E2,1.414615854E0,8.783379434E1,8.819887731E-2,4.724910159E0,3.391129757E0,-1.000000000E0
6.788703406E1,4.300340146E1,-7.879133582E1,1.785696741E2,1.438551242E2,1.433710640E0,8.837011851E1,8.958107572E-2,4.724360655E0,3.391895257E0,-1.000000000E0
6.888703549E1,4.300340251E1,-7.879131888E1,1.787919689E2,1.440774214E2,1.434689819E0,8.541469069E1,9.099032524E-2,4.724418845E0,3.391814207E0,-1.000000000E0
6.988703799E1,4.300340223E1,-7.879130155E1,1.786685722E2,1.439540295E2,1.432745043E0,8.676960062E1,9.242541809E-2,4.725337996E0,3.390533565E0,-1.000000000E0
7.088704038E1,4.300340178E1,-7.879128392E1,1.785907482E2,1.438762107E2,1.420336339E0,8.850680265E1,9.369907049E-2,4.725231756E0,3.390681625E0,-1.000000000E0
7.188704216E1,4.300340022E1,-7.879126840E1,1.784334235E2,1.437188928E2,1.389664975E0,9.212858496E1,9.508709121E-2,4.724830822E0,3.391240294E0,-1.000000000E0
7.288704479E1,4.300339894E1,-7.879125142E1,1.782999914E2,1.435854673E2,1.379433109E0,9.344889843E1,9.639207966E-2,4.724012698E0,3.392379852E0,-1.000000000E0
7.388704741E1,4.300339836E1,-7.879123539E1,1.784269322E2,1.437124131E2,1.405992935E0,9.207098290E1,9.772836089E-2,4.724559897E0,3.391617727E0,-1.000000000E0
7.488704956E1,4.300339926E1,-7.879121901E1,1.786322017E2,1.439176851E2,1.404525386E0,8.790089309E1,9.909815884E-2,4.724554624E0,3.391625074E0,-1.000000000E0
7.588705254E1,4.300339995E1,-7.879120219E1,1.787064521E2,1.439919384E2,1.428273878E0,8.874040084E1,1.005145226E-1,4.725550600E0,3.390237242E0,-1.000000000E0
7.688706458E1,4.300340136E1,-7.879118488E1,1.785035204E2,1.437890086E2,1.433517995E0,8.332884320E1,1.020315154E-1,4.724119993E0,3.392230434E0,-1.000000000E0
7.788705742E1,4.300340077E1,-7.879116624E1,1.786472082E2,1.439327021E2,1.454322379E0,9.001481335E1,1.035167797E-1,4.724476518E0,3.391733872E0,-1.000000000E0
7.888706052E1,4.300339888E1,-7.879114816E1,1.786469172E2,1.439324191E2,1.439472128E0,9.493102007E1,1.048829386E-1,4.725260210E0,3.390641971E0,-1.000000000E0
7.988706326E1,4.300339909E1,-7.879113136E1,1.785484453E2,1.438339510E2,1.433315520E0,9.272154567E1,1.063178949E-1,4.724818146E0,3.391257955E0,-1.000000000E0
8.088706613E1,4.300339991E1,-7.879111375E1,1.782047661E2,1.434902747E2,1.431331276E0,8.802749252E1,1.077535378E-1,4.724350553E0,3.391909327E0,-1.000000000E0
8.188706827E1,4.300340079E1,-7.879109614E1,1.783868178E2,1.436723292E2,1.444821721E0,8.887969850E1,1.091518947E-1,4.724223868E0,3.392085771E0,-1.000000000E0
8.288707161E1,4.300339990E1,-7.879107898E1,1.781678833E2,1.434534006E2,1.436864951E0,9.091669957E1,1.105851450E-1,4.725672638E0,3.390067130E0,-1.000000000E0
8.388707387E1,4.300339995E1,-7.879106136E1,1.781326819E2,1.434182036E2,1.440219956E0,9.176862039E1,1.120446563E-1,4.726094352E0,3.389479194E0,-1.000000000E0
8.488707685E1,4.300339923E1,-7.879104344E1,1.781217186E2,1.434072460E2,1.434551322E0,9.239620385E1,1.134855760E-1,4.726006198E0,3.389602107E0,-1.000000000E0
8.588708043E1,4.300339939E1,-7.879102572E1,1.781349829E2,1.434205145E2,1.447657568E0,9.050739766E1,1.148134368E-1,4.725463102E0,3.390359200E0,-1.000000000E0
8.688708353E1,4.300340030E1,-7.879100944E1,1.780820735E2,1.433676075E2,1.435865912E0,8.796704483E1,1.161177188E-1,4.725074858E0,3.390900267E0,-1.000000000E0
8.788708723E1,4.300340182E1,-7.879099353E1,1.779524728E2,1.432380082E2,1.442677683E0,8.407159426E1,1.174908199E-1,4.724906313E0,3.391135115E0,-1.000000000E0
8.888708997E1,4.300340146E1,-7.879097666E1,1.780976110E2,1.433831513E2,1.445878830E0,9.050504106E1,1.188419412E-1,4.723788117E0,3.392692568E0,-1.000000000E0
8.988709259E1,4.300339909E1,-7.879096036E1,1.781513093E2,1.434368579E2,1.432521592E0,9.448980554E1,1.202433873E-1,4.725764928E0,3.389938477E0,-1.000000000E0
9.088709545E1,4.300339979E1,-7.879094315E1,1.780527583E2,1.433383099E2,1.434490248E0,9.216675507E1,1.216053443E-1,4.726181198E0,3.389358097E0,-1.000000000E0
9.188709903E1,4.300340094E1,-7.879092648E1,1.781021381E2,1.433876918E2,1.429505043E0,8.946979635E1,1.229688765E-1,4.725090789E0,3.390878068E0,-1.000000000E0
9.288710284E1,4.300340103E1,-7.879090971E1,1.782512422E2,1.435367999E2,1.410696495E0,9.146733018E1,1.243380984E-1,4.724605801E0,3.391553782E0,-1.000000000E0
9.388710475E1,4.300340175E1,-7.879089290E1,1.782877019E2,1.435732625E2,1.380455452E0,9.136279405E1,1.258217598E-1,4.724186107E0,3.392138360E0,-1.000000000E0
9.488710845E1,4.300339978E1,-7.879087485E1,1.780895810E2,1.433751498E2,1.424516012E0,9.583490224E1,1.269903742E-1,4.724708003E0,3.391411406E0,-1.000000000E0
9.588711178E1,4.300339964E1,-7.879086049E1,1.782584554E2,1.435440280E2,1.335043828E0,9.254442494E1,1.283190355E-1,4.724820647E0,3.391254471E0,-1.000000000E0
9.688711560E1,4.300340366E1,-7.879084510E1,1.783422956E2,1.436278649E2,1.287204459E0,8.172754327E1,1.297120179E-1,4.725831412E0,3.389845793E0,-1.000000000E0
9.788711905E1,4.300340779E1,-7.879082893E1,1.784662281E2,1.437517939E2,1.398549404E0,7.764427558E1,1.312511922E-1,4.725101061E0,3.390863753E0,-1.000000000E0
9.888712180E1,4.300340498E1,-7.879081039E1,1.784637957E2,1.437493713E2,1.447275550E0,8.762753813E1,1.326331068E-1,4.723984527E0,3.392419081E0,-1.000000000E0
9.988712525E1,4.300340422E1,-7.879079343E1,1.786065200E2,1.438921012E2,1.433437594E0,9.009098746E1,1.341255951E-1,4.723334329E0,3.393324307E0,-1.000000000E0
1.008871282E2,4.300340143E1,-7.879077548E1,1.785769420E2,1.438625327E2,1.439980361E0,9.379087168E1,1.355863405E-1,4.724450917E0,3.391769533E0,-1.000000000E0
1.018871318E2,4.300340018E1,-7.879075760E1,1.784700446E2,1.437556421E2,1.449519369E0,9.561744776E1,1.370560349E-1,4.722750461E0,3.394136874E0,-1.000000000E0
1.028871351E2,4.300340216E1,-7.879073973E1,1.787039902E2,1.439895886E2,1.448007949E0,9.140674193E1,1.384754023E-1,4.724028418E0,3.392357962E0,-1.000000000E0
1.038871384E2,4.300340486E1,-7.879072267E1,1.786730667E2,1.439586644E2,1.426114864E0,8.613096435E1,1.397935376E-1,4.724049583E0,3.392328487E0,-1.000000000E0
1.048871412E2,4.300340520E1,-7.879070646E1,1.787207632E2,1.440063644E2,1.423806413E0,8.655590980E1,1.411734228E-1,4.723952837E0,3.392463209E0,-1.000000000E0
1.058871449E2,4.300340476E1,-7.879068951E1,1.786294261E2,1.439150324E2,1.437366569E0,8.722894640E1,1.423838895E-1,4.725136381E0,3.390814536E0,-1.000000000E0
1.068871479E2,4.300340349E1,-7.879067472E1,1.786656225E2,1.439512348E2,1.407690387E0,9.058357251E1,1.436536654E-1,4.725305923E0,3.390578265E0,-1.000000000E0
1.078871520E2,4.300340301E1,-7.879065912E1,1.787000729E2,1.439856900E2,1.306548814E0,9.278161143E1,1.451093407E-1,4.725715495E0,3.390007388E0,-1.000000000E0
1.088871551E2,4.300340526E1,-7.879064149E1,1.787331223E2,1.440187397E2,1.378555445E0,8.643186656E1,1.465947229E-1,4.724989899E0,3.391018650E0,-1.000000000E0
1.098871579E2,4.300340586E1,-7.879062324E1,1.785150749E2,1.438006958E2,1.438792340E0,8.560656264E1,1.480218881E-1,4.725208731E0,3.390713713E0,-1.000000000E0
1.108871611E2,4.300340898E1,-7.879060621E1,1.783731187E2,1.436587382E2,1.424386430E0,8.184996459E1,1.494522122E-1,4.725690325E0,3.390042475E0,-1.000000000E0
1.118871646E2,4.300340938E1,-7.879058863E1,1.784627909E2,1.437484141E2,1.440670965E0,8.338404473E1,1.509750872E-1,4.725421061E0,3.390417795E0,-1.000000000E0
1.128871678E2,4.300340828E1,-7.879056997E1,1.783713814E2,1.436570113E2,1.447695061E0,9.035040875E1,1.524143924E-1,4.727415029E0,3.387636961E0,-1.000000000E0
1.138871720E2,4.300340625E1,-7.879055249E1,1.779846558E2,1.432702937E2,1.434999541E0,9.378940490E1,1.538155207E-1,4.726831771E0,3.388450744E0,-1.000000000E0
1.148871746E2,4.300340590E1,-7.879053526E1,1.781291881E2,1.434148310E2,1.434343759E0,9.345579735E1,1.551583148E-1,4.726949801E0,3.388286088E0,-1.000000000E0
1.158871791E2,4.300340451E1,-7.879051886E1,1.781352728E2,1.434209223E2,1.427033676E0,9.391086773E1,1.565574965E-1,4.726275074E0,3.389227192E0,-1.000000000E0
1.168871819E2,4.300340511E1,-7.879050167E1,1.778812823E2,1.431669351E2,1.421429572E0,9.117521981E1,1.580892855E-1,4.726217085E0,3.389308056E0,-1.000000000E0
1.178871859E2,4.300340461E1,-7.879048285E1,1.777439116E2,1.430295700E2,1.459283845E0,8.952289420E1,1.595215618E-1,4.726773194E0,3.388532456E0,-1.000000000E0
1.188871890E2,4.300340482E1,-7.879046524E1,1.778439021E2,1.431295645E2,1.459369999E0,9.192237213E1,1.611202993E-1,4.726357665E0,3.389112015E0,-1.000000000E0
1.198871921E2,4.300340446E1,-7.879044558E1,1.777544703E2,1.430401383E2,1.452105999E0,9.281048260E1,1.625745825E-1,4.725616625E0,3.390145211E0,-1.000000000E0
1.208871964E2,4.300340322E1,-7.879042778E1,1.775822977E2,1.428679724E2,1.448085010E0,9.324841877E1,1.640571676E-1,4.726799079E0,3.388496348E0,-1.000000000E0
1.218871994E2,4.300340272E1,-7.879040956E1,1.774646313E2,1.427503114E2,1.451177088E0,9.109885280E1,1.654899121E-1,4.725933293E0,3.389703754E0,-1.000000000E0
1.228872032E2,4.300340373E1,-7.879039200E1,1.773702852E2,1.426559679E2,1.441067830E0,8.902882103E1,1.670119864E-1,4.723759433E0,3.392732505E0,-1.000000000E0
1.238872064E2,4.300340180E1,-7.879037347E1,1.774482831E2,1.427339740E2,1.461917881E0,9.341513515E1,1.684563229E-1,4.725827212E0,3.389851649E0,-1.000000000E0
1.248872101E2,4.300340198E1,-7.879035571E1,1.771739896E2,1.424596846E2,1.450072533E0,9.341071968E1,1.698454446E-1,4.724421524E0,3.391810475E0,-1.000000000E0
1.258872164E2,4.300340353E1,-7.879033876E1,1.773193261E2,1.426050225E2,1.436134891E0,8.768469282E1,1.713179923E-1,4.725007310E0,3.390994391E0,-1.000000000E0
1.268872173E2,4.300340418E1,-7.879032067E1,1.772805070E2,1.425662068E2,1.446625129E0,8.905198402E1,1.726326285E-1,4.725791603E0,3.389901290E0,-1.000000000E0
1.278872198E2,4.300340345E1,-7.879030453E1,1.772917220E2,1.425774272E2,1.438898379E0,9.101863601E1,1.742115292E-1,4.725810431E0,3.389875043E0,-1.000000000E0
1.288872241E2,4.300340399E1,-7.879028513E1,1.772833269E2,1.425690360E2,1.450797926E0,8.958002710E1,1.756693670E-1,4.723527323E0,3.393055653E0,-1.000000000E0
1.298872273E2,4.300340411E1,-7.879026720E1,1.771976709E2,1.424833843E2,1.449083822E0,9.068023648E1,1.771633009E-1,4.723892532E0,3.392547181E0,-1.000000000E0
1.308872309E2,4.300340538E1,-7.879024892E1,1.773187376E2,1.426044533E2,1.458224139E0,8.806009059E1,1.786546234E-1,4.723696517E0,3.392820102E0,-1.000000000E0
1.318872337E2,4.300340658E1,-7.879023065E1,1.772177630E2,1.425034811E2,1.451960851E0,8.721580650E1,1.797027863E-1,4.723464171E0,3.393143566E0,-1.000000000E0
1.328872380E2,4.300340721E1,-7.879021779E1,1.773234356E2,1.426091557E2,1.146214734E0,8.606490057E1,1.818787489E-1,4.723426932E0,3.393195404E0,-1.000000000E0
1.338872409E2,4.300340817E1,-7.879019106E1,1.774239005E2,1.427096256E2,1.702798547E0,8.583704854E1,1.825913520E-1,4.724431982E0,3.391795908E0,-1.000000000E0
1.348872447E2,4.300340792E1,-7.879018231E1,1.773316047E2,1.426173325E2,1.082705635E0,8.421062616E1,1.844160927E-1,4.722775482E0,3.394102059E0,-1.000000000E0
1.358872483E2,4.300341281E1,-7.879016089E1,1.771476077E2,1.424333320E2,1.425612733E0,7.710849532E1,1.856893617E-1,4.723473435E0,3.393130670E0,-1.000000000E0
1.368872513E2,4.300342119E1,-7.879015021E1,1.775958026E2,1.428815145E2,1.109860979E0,5.903900929E1,1.876332399E-1,4.724117238E0,3.392234272E0,-1.000000000E0
1.378872550E2,4.300343835E1,-7.879014567E1,1.774343768E2,1.427200589E2,1.356525699E0,2.967434945E1,1.895197811E-1,4.726647738E0,3.388707452E0,-1.000000000E0
1.388872578E2,4.300345529E1,-7.879014714E1,1.774401079E2,1.427257591E2,1.479253937E0,1.011509761E1,1.905157706E-1,4.726348118E0,3.389125330E0,-1.000000000E0
1.398872621E2,4.300346408E1,-7.879014950E1,1.774764190E2,1.427620537E2,1.121717530E0,1.585620043E0,1.923501206E-1,4.720076147E0,3.397854941E0,-1.000000000E0
1.408872654E2,4.300348057E1,-7.879015014E1,1.775485398E2,1.428341446E2,1.569976237E0,3.590998276E2,1.931322646E-1,4.726732448E0,3.388589294E0,-1.000000000E0
1.418872682E2,4.300348752E1,-7.879014869E1,1.777398903E2,1.430254829E2,1.099309931E0,1.984297667E0,1.948564667E-1,4.719136479E0,3.399159885E0,-1.000000000E0
1.428872722E2,4.300350295E1,-7.879014664E1,1.778996337E2,1.431851991E2,1.479953186E0,3.384081218E0,1.958651398E-1,4.724313367E0,3.391961120E0,-1.000000000E0
1.438872753E2,4.300351201E1,-7.879014592E1,1.775068779E2,1.427924271E2,1.114530757E0,3.838662508E0,1.975461273E-1,4.714904618E0,3.405027382E0,-1.000000000E0
1.448872788E2,4.300352710E1,-7.879014466E1,1.775332449E2,1.428187671E2,1.474154355E0,2.238732387E0,1.984820130E-1,4.719856401E0,3.398160177E0,-1.000000000E0
1.458876774E2,4.300353535E1,-7.879014690E1,1.777176174E2,1.430031242E2,1.106986596E0,3.587329400E2,2.000044096E-1,4.714794995E0,3.405179172E0,-1.000000000E0
1.468876828E2,4.300354900E1,-7.879014535E1,1.784373906E2,1.437228732E2,1.369006186E0,3.587852305E2,2.011105346E-1,4.719876671E0,3.398132022E0,-1.000000000E0
1.478876740E2,4.300355884E1,-7.879014731E1,1.779449191E2,1.432303834E2,1.105751182E0,3.552509473E2,2.029080010E-1,4.716401693E0,3.402953438E0,-1.000000000E0
1.488876631E2,4.300357500E1,-7.879014667E1,1.777058286E2,1.429912640E2,1.496952282E0,3.584258989E2,2.037626796E-1,4.721245336E0,3.396230191E0,-1.000000000E0
1.498876510E2,4.300358264E1,-7.879014787E1,1.778671231E2,1.431525444E2,1.082125315E0,3.568113141E2,2.055804710E-1,4.715012323E0,3.404878240E0,-1.000000000E0
1.508876314E2,4.300359898E1,-7.879014750E1,1.783583465E2,1.436437384E2,1.472169052E0,3.584630492E2,2.065028916E-1,4.721851975E0,3.395386717E0,-1.000000000E0
1.518876146E2,4.300360710E1,-7.879014516E1,1.782164828E2,1.435018607E2,1.126589541E0,3.212310846E0,2.085728630E-1,4.715805421E0,3.403779703E0,-1.000000000E0
1.528876003E2,4.300362565E1,-7.879014729E1,1.785842608E2,1.438696046E2,1.649661203E0,3.595545525E2,2.095987756E-1,4.721840836E0,3.395402208E0,-1.000000000E0
1.538875768E2,4.300363487E1,-7.879014769E1,1.786166643E2,1.439019914E2,1.159679219E0,3.578651703E2,2.111501903E-1,4.716479932E0,3.402844998E0,-1.000000000E0
1.548875562E2,4.300364882E1,-7.879014729E1,1.788882854E2,1.441735875E2,1.169265691E0,3.591168042E2,2.125937908E-1,4.718285919E0,3.400340427E0,-1.000000000E0
1.558875383E2,4.300366172E1,-7.879014536E1,1.785146876E2,1.437999669E2,1.227382120E0,3.122952629E0,2.143663821E-1,4.717481220E0,3.401456742E0,-1.000000000E0
1.568875141E2,4.300367766E1,-7.879014558E1,1.786371802E2,1.439224307E2,1.524985539E0,1.331351636E0,2.153819344E-1,4.721619019E0,3.395710658E0,-1.000000000E0
1.578874934E2,4.300368659E1,-7.879014822E1,1.783565752E2,1.436418089E2,1.149660205E0,3.578894235E2,2.174265789E-1,4.715286074E0,3.404499123E0,-1.000000000E0
1.588874749E2,4.300370497E1,-7.879014917E1,1.784848820E2,1.437700824E2,1.620772716E0,3.587731900E2,2.182727720E-1,4.721737112E0,3.395546447E0,-1.000000000E0
1.598874501E2,4.300371257E1,-7.879014876E1,1.786289120E2,1.439140987E2,1.139610673E0,1.366177691E0,2.200053118E-1,4.714293906E0,3.405872869E0,-1.000000000E0
1.608874280E2,4.300372815E1,-7.879014922E1,1.791044916E2,1.443896501E2,1.512263021E0,3.592545154E2,2.208760043E-1,4.721040964E0,3.396514279E0,-1.000000000E0
1.618874073E2,4.300373596E1,-7.879014987E1,1.788961546E2,1.441812989E2,1.086842269E0,3.581061997E2,2.225765043E-1,4.714297576E0,3.405867789E0,-1.000000000E0
1.628873864E2,4.300375126E1,-7.879015011E1,1.787341400E2,1.440192566E2,1.494833647E0,3.592467238E2,2.235476392E-1,4.722022023E0,3.395150225E0,-1.000000000E0
1.638873671E2,4.300375967E1,-7.879014690E1,1.787935443E2,1.440786465E2,1.063086021E0,4.787755426E0,2.253036481E-1,4.714259466E0,3.405920540E0,-1.000000000E0
1.648873502E2,4.300377545E1,-7.879014627E1,1.789592158E2,1.442442897E2,1.469107893E0,2.094087590E0,2.267085199E-1,4.720338089E0,3.397491039E0,-1.000000000E0
1.658873343E2,4.300378808E1,-7.879014662E1,1.788237620E2,1.441088130E2,1.462669630E0,9.568441980E-1,2.280791266E-1,4.714452066E0,3.405653939E0,-1.000000000E0
1.668873185E2,4.300380038E1,-7.879014772E1,1.788446973E2,1.441297259E2,1.463732543E0,3.584703058E2,2.295633604E-1,4.715157607E0,3.404677044E0,-1.000000000E0
1.678873047E2,4.300381370E1,-7.879014901E1,1.788965434E2,1.441815477E2,1.440478911E0,3.570790046E2,2.309745234E-1,4.714971180E0,3.404935213E0,-1.000000000E0
1.688872910E2,4.300382626E1,-7.879015146E1,1.788148687E2,1.440998497E2,1.442231676E0,3.556127358E2,2.323998817E-1,4.715082664E0,3.404780830E0,-1.000000000E0
1.698872790E2,4.300383907E1,-7.879015067E1,1.789195033E2,1.442044614E2,1.439832176E0,3.585554600E2,2.339126426E-1,4.715727392E0,3.403887806E0,-1.000000000E0
1.708872675E2,4.300385251E1,-7.879014782E1,1.790031444E2,1.442880789E2,1.438560405E0,3.414693964E0,2.355104810E-1,4.716582731E0,3.402702510E0,-1.000000000E0
1.718872559E2,4.300386684E1,-7.879014637E1,1.786992116E2,1.439841207E2,1.460369713E0,3.119882375E0,2.369330881E-1,4.716432143E0,3.402911234E0,-1.000000000E0
1.728872468E2,4.300387933E1,-7.879015014E1,1.786959808E2,1.439808664E2,1.438738280E0,3.552507434E2,2.383561299E-1,4.715839949E0,3.403731865E0,-1.000000000E0
1.738872370E2,4.300389213E1,-7.879014972E1,1.790462036E2,1.443310662E2,1.470823932E0,3.588429089E2,2.397726530E-1,4.715652540E0,3.403991503E0,-1.000000000E0
1.748872288E2,4.300390485E1,-7.879014869E1,1.791391915E2,1.444240315E2,1.444967434E0,3.580505092E2,2.412706603E-1,4.714133031E0,3.406095535E0,-1.000000000E0
1.758872207E2,4.300391823E1,-7.879015073E1,1.794431032E2,1.447279185E2,1.461656893E0,3.538662349E2,2.427642742E-1,4.713862667E0,3.406469697E0,-1.000000000E0
1.768872125E2,4.300393153E1,-7.879015333E1,1.793666932E2,1.446514839E2,1.477396363E0,3.532881075E2,2.444261060E-1,4.714158397E0,3.406060429E0,-1.000000000E0
1.778872058E2,4.300394639E1,-7.879015109E1,1.792091115E2,1.444938760E2,1.488182058E0,1.211158746E0,2.458686417E-1,4.712786734E0,3.407958074E0,-1.000000000E0
1.788871988E2,4.300395932E1,-7.879014967E1,1.787355104E2,1.440202519E2,1.462995854E0,2.367187617E0,2.473208672E-1,4.712852980E0,3.407866462E0,-1.000000000E0
1.798871934E2,4.300397236E1,-7.879014888E1,1.793143161E2,1.445990342E2,1.491229306E0,2.848152746E0,2.487305847E-1,4.713235507E0,3.407337390E0,-1.000000000E0
1.808871874E2,4.300398502E1,-7.879015002E1,1.790635122E2,1.443482073E2,1.497738382E0,2.348915920E-2,2.501501446E-1,4.713551406E0,3.406900377E0,-1.000000000E0
1.818871825E2,4.300399772E1,-7.879014829E1,1.792030915E2,1.444877641E2,1.467984264E0,3.933701709E-1,2.515648620E-1,4.712709672E0,3.408064639E0,-1.000000000E0
1.828871770E2,4.300401043E1,-7.879014751E1,1.794730627E2,1.447577125E2,1.468312066E0,4.082674301E-1,2.529763866E-1,4.711613299E0,3.409580202E0,-1.000000000E0
1.838871728E2,4.300402311E1,-7.879014684E1,1.790288726E2,1.443134998E2,1.471485956E0,3.598935873E2,2.544357071E-1,4.710528249E0,3.411079103E0,-1.000000000E0
1.848871685E2,4.300403622E1,-7.879014592E1,1.795312464E2,1.448158501E2,1.472502691E0,6.767344787E-1,2.559497285E-1,4.710396939E0,3.411260428E0,-1.000000000E0
1.858871647E2,4.300404982E1,-7.879014506E1,1.790333308E2,1.443179102E2,1.472339419E0,1.057892042E-1,2.574417008E-1,4.709281043E0,3.412800770E0,-1.000000000E0
1.868871609E2,4.300406324E1,-7.879014468E1,1.787306454E2,1.440152007E2,1.470505245E0,9.667457183E-1,2.586839117E-1,4.710486441E0,3.411136838E0,-1.000000000E0
1.878871578E2,4.300407440E1,-7.879014515E1,1.788358775E2,1.441204126E2,1.251003035E0,3.590384100E2,2.597288828E-1,4.709943348E0,3.411886676E0,-1.000000000E0
1.888871543E2,4.300408380E1,-7.879014549E1,1.793927662E2,1.446772842E2,1.076251392E0,3.595374658E2,2.614205546E-1,4.713747897E0,3.406628508E0,-1.000000000E0
1.898871522E2,4.300409892E1,-7.879014769E1,1.789162482E2,1.442007383E2,1.400757382E0,3.580696624E2,2.624094145E-1,4.719338772E0,3.398879020E0,-1.000000000E0
1.908871487E2,4.300410781E1,-7.879014728E1,1.789975998E2,1.442820741E2,1.025642113E0,3.585949655E2,2.643351327E-1,4.714827168E0,3.405134624E0,-1.000000000E0
1.918871477E2,4.300412513E1,-7.879014780E1,1.795225298E2,1.448069727E2,1.568369567E0,2.879585887E-1,2.652794858E-1,4.719243854E0,3.399010809E0,-1.000000000E0
1.928871449E2,4.300413362E1,-7.879014809E1,1.792728985E2,1.445573260E2,1.055852969E0,3.502231710E-2,2.669886954E-1,4.715072998E0,3.404794216E0,-1.000000000E0
1.938871428E2,4.300414884E1,-7.879015099E1,1.792872588E2,1.445716581E2,1.456356128E0,3.541397540E2,2.681958349E-1,4.720795265E0,3.396855766E0,-1.000000000E0
1.948871416E2,4.300415968E1,-7.879015015E1,1.791104099E2,1.443947899E2,1.245110547E0,3.591674744E2,2.696707299E-1,4.714532334E0,3.405542821E0,-1.000000000E0
1.958871400E2,4.300417291E1,-7.879014878E1,1.786109178E2,1.438952742E2,1.318889371E0,1.982571053E0,2.709919596E-1,4.721331793E0,3.396110000E0,-1.000000000E0
1.968871381E2,4.300418460E1,-7.879014590E1,1.794471056E2,1.447314417E2,1.279188196E0,2.847484122E0,2.722527934E-1,4.723954243E0,3.392461251E0,-1.000000000E0
1.978871373E2,4.300419593E1,-7.879014665E1,1.796294688E2,1.449137843E2,1.203483112E0,3.588692406E2,2.736346834E-1,4.723067159E0,3.393696163E0,-1.000000000E0
1.988871356E2,4.300420822E1,-7.879014912E1,1.793856067E2,1.446698994E2,1.278724624E0,3.556228316E2,2.747744389E-1,4.724586779E0,3.391580281E0,-1.000000000E0
1.998871344E2,4.300421839E1,-7.879015093E1,1.790352075E2,1.443194814E2,1.157150128E0,3.576411432E2,2.754159655E-1,4.725558082E0,3.390226814E0,-1.000000000E0
2.008871342E2,4.300422414E1,-7.879015045E1,1.792257850E2,1.445100487E2,8.707878541E-1,2.627908246E-1,2.760925078E-1,4.726771780E0,3.388534428E0,-1.000000000E0
2.018871326E2,4.300423018E1,-7.879014940E1,1.793349595E2,1.446192126E2,7.241194064E-1,4.154871818E0,2.764294015E-1,4.727107316E0,3.388066331E0,-1.000000000E0
2.028871319E2,4.300423264E1,-7.879015182E1,1.792463397E2,1.445305877E2,4.801302698E-1,3.556042707E2,2.769110870E-1,4.727270754E0,3.387838286E0,-1.000000000E0
2.038871317E2,4.300423676E1,-7.879014998E1,1.794419013E2,1.447261423E2,4.271992970E-1,2.421233231E0,2.772505810E-1,4.727120457E0,3.388047995E0,-1.000000000E0
2.048871309E2,4.300423373E1,-7.879015045E1,1.793933828E2,1.446776291E2,6.702218496E-2,3.562290801E0,2.781202951E-1,4.727654638E0,3.387302564E0,-1.000000000E0
2.058871310E2,4.300422974E1,-7.879015965E1,1.792417966E2,1.445260479E2,1.196137718E-1,3.562287271E0,2.792027982E-1,4.727982600E0,3.386844780E0,-1.000000000E0
2.068871301E2,4.300422389E1,-7.879017028E1,1.793259332E2,1.446101923E2,2.397261900E-1,3.562283157E0,2.803655077E-1,4.728215369E0,3.386519815E0,-1.000000000E0
2.078871311E2,4.300421955E1,-7.879018330E1,1.791313944E2,1.444156581E2,1.952432702E-1,3.562278198E0,2.818779640E-1,4.727640011E0,3.387322979E0,-1.000000000E0
2.088871307E2,4.300421307E1,-7.879019965E1,1.790976684E2,1.443819397E2,2.133799436E-1,3.562271939E0,2.833497982E-1,4.725504237E0,3.390301865E0,-1.000000000E0
2.098871297E2,4.300420800E1,-7.879021637E1,1.788862315E2,1.441705078E2,1.947638630E-1,3.562265582E0,2.848788741E-1,4.724901996E0,3.391141130E0,-1.000000000E0
2.108871295E2,4.300420206E1,-7.879023332E1,1.790143924E2,1.442986751E2,2.235927781E-1,3.562259113E0,2.859935404E-1,4.724601610E0,3.391559620E0,-1.000000000E0
2.118871300E2,4.300419648E1,-7.879024472E1,1.793620119E2,1.446463018E2,1.774894276E-1,3.562254724E0,2.875331805E-1,4.725439889E0,3.390391554E0,-1.000000000E0
2.128871305E2,4.300419150E1,-7.879026239E1,1.792198276E2,1.445041221E2,1.908759704E-1,3.562248016E0,2.889235404E-1,4.724944973E0,3.391081249E0,-1.000000000E0
2.138871299E2,4.300418586E1,-7.879027765E1,1.793252216E2,1.446095225E2,1.969740845E-1,3.562242187E0,2.904153433E-1,4.724675108E0,3.391457233E0,-1.000000000E0
2.148871297E2,4.300418083E1,-7.879029465E1,1.792538754E2,1.445381810E2,2.586312935E-1,3.562235722E0,2.918002396E-1,4.724646136E0,3.391497593E0,-1.000000000E0
2.158871303E2,4.300417533E1,-7.879030993E1,1.793873922E2,1.446717039E2,2.312395006E-1,3.562229890E0,2.932962949E-1,4.725382454E0,3.390471604E0,-1.000000000E0
2.168871312E2,4.300417039E1,-7.879032705E1,1.791170249E2,1.444013412E2,1.871574095E-1,3.562223388E0,2.949474731E-1,4.724843735E0,3.391222304E0,-1.000000000E0
2.178871310E2,4.300416417E1,-7.879034548E1,1.789757057E2,1.442600286E2,2.078348273E-1,3.562216361E0,2.962652328E-1,4.725014820E0,3.390983926E0,-1.000000000E0
2.188871311E2,4.300415878E1,-7.879035992E1,1.789937142E2,1.442780432E2,1.893030532E-1,3.562210845E0,2.978645295E-1,4.725681424E0,3.390054883E0,-1.000000000E0
2.198871310E2,4.300415179E1,-7.879037711E1,1.791067808E2,1.443911181E2,1.939397550E-1,3.562204262E0,2.991698755E-1,4.724894646E0,3.391151370E0,-1.000000000E0
2.208871319E2,4.300414705E1,-7.879039179E1,1.790577466E2,1.443420888E2,2.172308075E-1,3.562198671E0,3.009634451E-1,4.725164567E0,3.390775258E0,-1.000000000E0
2.218871326E2,4.300413922E1,-7.879041107E1,1.791179962E2,1.444023478E2,2.366710516E-1,3.562191285E0,3.023512484E-1,4.724864998E0,3.391192678E0,-1.000000000E0
2.228871324E2,4.300413322E1,-7.879042604E1,1.790014626E2,1.442858212E2,2.059860415E-1,3.562185555E0,3.040085571E-1,4.724455503E0,3.391763145E0,-1.000000000E0
2.238871334E2,4.300412623E1,-7.879044404E1,1.789503470E2,1.442347137E2,2.025997353E-1,3.562178669E0,3.054349647E-1,4.723639337E0,3.392899711E0,-1.000000000E0
2.248871336E2,4.300412089E1,-7.879045999E1,1.790182916E2,1.443026639E2,1.896804214E-1,3.562172591E0,3.071425236E-1,4.723479041E0,3.393122866E0,-1.000000000E0
2.258871337E2,4.300411416E1,-7.879047886E1,1.787077871E2,1.439921669E2,2.234522314E-1,3.562165388E0,3.086321697E-1,4.722846142E0,3.394003735E0,-1.000000000E0
2.268871346E2,4.300410786E1,-7.879049503E1,1.787982071E2,1.440825941E2,2.145017345E-1,3.562159203E0,3.100882731E-1,4.723741104E0,3.392758025E0,-1.000000000E0
2.278871353E2,4.300410293E1,-7.879051162E1,1.789242423E2,1.442086341E2,2.126161140E-1,3.562152897E0,3.113901554E-1,4.723148364E0,3.393583145E0,-1.000000000E0
2.288871355E2,4.300409607E1,-7.879052459E1,1.792598885E2,1.445442894E2,2.194999557E-1,3.562147888E0,3.128321260E-1,4.722475940E0,3.394518821E0,-1.000000000E0
2.298871371E2,4.300409109E1,-7.879054096E1,1.794424201E2,1.447268259E2,2.345724458E-1,3.562141662E0,3.143358349E-1,4.722718562E0,3.394181259E0,-1.000000000E0
2.308871367E2,4.300408551E1,-7.879055781E1,1.793507196E2,1.446351312E2,2.449426693E-1,3.562135242E0,3.159284648E-1,4.723334159E0,3.393324543E0,-1.000000000E0
2.318871375E2,4.300407963E1,-7.879057567E1,1.792298821E2,1.445142999E2,2.190851668E-1,3.562128439E0,3.174679525E-1,4.723529238E0,3.393052987E0,-1.000000000E0
2.328871418E2,4.300407330E1,-7.879059250E1,1.792541521E2,1.445385771E2,1.985437889E-1,3.562122005E0,3.189721469E-1,4.724124015E0,3.392224833E0,-1.000000000E0
2.338871391E2,4.300406749E1,-7.879060920E1,1.789886985E2,1.442731298E2,1.981209991E-1,3.562115634E0,3.204870020E-1,4.724095602E0,3.392264402E0,-1.000000000E0
2.348871392E2,4.300406161E1,-7.879062601E1,1.790293495E2,1.443137871E2,2.042199709E-1,3.562109222E0,3.218716711E-1,4.723282080E0,3.393397033E0,-1.000000000E0
2.358871406E2,4.300405487E1,-7.879064033E1,1.791299117E2,1.444143579E2,1.822637526E-1,3.562103713E0,3.234428890E-1,4.723047974E0,3.393722863E0,-1.000000000E0
2.368871408E2,4.300404835E1,-7.879065747E1,1.791453104E2,1.444297641E2,2.254738240E-1,3.562097160E0,3.247437197E-1,4.723649906E0,3.392884997E0,-1.000000000E0
2.378871418E2,4.300404463E1,-7.879067264E1,1.792280023E2,1.445124589E2,2.285957257E-1,3.562091417E0,3.263142188E-1,4.723521386E0,3.393063918E0,-1.000000000E0
2.388871425E2,4.300403860E1,-7.879069010E1,1.792401912E2,1.445246542E2,2.216443581E-1,3.562084755E0,3.281641024E-1,4.723033615E0,3.393742845E0,-1.000000000E0
2.398871434E2,4.300403155E1,-7.879071071E1,1.791452644E2,1.444297350E2,2.078695140E-1,3.562076898E0,3.298062345E-1,4.721527400E0,3.395838048E0,-1.000000000E0
2.408871436E2,4.300402568E1,-7.879072924E1,1.789793107E2,1.442637872E2,2.067586811E-1,3.562069844E0,3.315668563E-1,4.721096853E0,3.396436595E0,-1.000000000E0
2.418871452E2,4.300401807E1,-7.879074823E1,1.788144171E2,1.440989026E2,2.294590293E-1,3.562062576E0,3.330621553E-1,4.720474166E0,3.397301970E0,-1.000000000E0
2.428871461E2,4.300401127E1,-7.879076409E1,1.788058634E2,1.440903572E2,2.136394897E-1,3.562056491E0,3.345084671E-1,4.719908608E0,3.398087663E0,-1.000000000E0
2.438871468E2,4.300400535E1,-7.879077992E1,1.787368350E2,1.440213355E2,1.993467485E-1,3.562050440E0,3.358178358E-1,4.719995346E0,3.397967181E0,-1.000000000E0
2.448871474E2,4.300400041E1,-7.879079454E1,1.790160403E2,1.443005460E2,2.170408364E-1,3.562044868E0,3.373771579E-1,4.720323918E0,3.397510728E0,-1.000000000E0
2.458871479E2,4.300399427E1,-7.879081178E1,1.791445022E2,1.444290147E2,2.396099744E-1,3.562038288E0,3.388611582E-1,4.720467495E0,3.397311240E0,-1.000000000E0
2.468871481E2,4.300398750E1,-7.879082751E1,1.792400507E2,1.445245715E2,2.100916003E-1,3.562032254E0,3.405801259E-1,4.719896381E0,3.398104646E0,-1.000000000E0
2.478871492E2,4.300398085E1,-7.879084660E1,1.789659433E2,1.442504713E2,2.312378354E-1,3.562024974E0,3.421258916E-1,4.719769901E0,3.398280317E0,-1.000000000E0
2.488871505E2,4.300397510E1,-7.879086390E1,1.790777803E2,1.443623143E2,2.400716967E-1,3.562018380E0,3.435601709E-1,4.720231265E0,3.397639451E0,-1.000000000E0
2.498871506E2,4.300396966E1,-7.879087989E1,1.793381694E2,1.446227092E2,2.232844688E-1,3.562012283E0,3.451710280E-1,4.720661540E0,3.397041604E0,-1.000000000E0
2.508871514E2,4.300396391E1,-7.879089807E1,1.789440466E2,1.442285922E2,1.921239662E-1,3.562005364E0,3.467319529E-1,4.720703182E0,3.396983736E0,-1.000000000E0
2.518871527E2,4.300395795E1,-7.879091545E1,1.790003121E2,1.442848641E2,2.236974763E-1,3.561998736E0,3.481517810E-1,4.720383100E0,3.397428502E0,-1.000000000E0
2.528871543E2,4.300395293E1,-7.879093151E1,1.792172881E2,1.445018452E2,2.354730536E-1,3.561992627E0,3.496803069E-1,4.720584349E0,3.397148868E0,-1.000000000E0
2.538871549E2,4.300394644E1,-7.879094808E1,1.793587030E2,1.446432676E2,2.065316247E-1,3.561986288E0,3.512150761E-1,4.720482757E0,3.397290033E0,-1.000000000E0
2.548871578E2,4.300393937E1,-7.879096429E1,1.792220307E2,1.445066040E2,2.140359677E-1,3.561980067E0,3.527011193E-1,4.720939295E0,3.396655591E0,-1.000000000E0
2.558871562E2,4.300393366E1,-7.879098081E1,1.794987438E2,1.447833233E2,2.369205852E-1,3.561973764E0,3.540917873E-1,4.721449382E0,3.395946520E0,-1.000000000E0
2.568871565E2,4.300392762E1,-7.879099579E1,1.794903580E2,1.447749446E2,1.930807878E-1,3.561968030E0,3.556666127E-1,4.721798113E0,3.395461620E0,-1.000000000E0
2.578871571E2,4.300392272E1,-7.879101396E1,1.793925454E2,1.446771363E2,2.191075747E-1,3.561961137E0,3.571201581E-1,4.721240712E0,3.396236619E0,-1.000000000E0
2.588871580E2,4.300391570E1,-7.879102904E1,1.795710563E2,1.448556560E2,2.145809347E-1,3.561955337E0,3.584610774E-1,4.720903128E0,3.396705859E0,-1.000000000E0
2.598871583E2,4.300391098E1,-7.879104421E1,1.794116000E2,1.446962045E2,2.157653175E-1,3.561949566E0,3.599165706E-1,4.722055341E0,3.395103884E0,-1.000000000E0
2.608871604E2,4.300390449E1,-7.879105976E1,1.795094986E2,1.447941109E2,1.821831726E-1,3.561943606E0,3.614631823E-1,4.722020396E0,3.395152487E0,-1.000000000E0
2.618871614E2,4.300389833E1,-7.879107680E1,1.794708032E2,1.447554224E2,2.040397581E-1,3.561937097E0,3.628567434E-1,4.719878170E0,3.398129940E0,-1.000000000E0
2.628871620E2,4.300389225E1,-7.879109180E1,1.795100048E2,1.447946311E2,1.922542034E-1,3.561931356E0,3.642052224E-1,4.719807399E0,3.398228236E0,-1.000000000E0
2.638871627E2,4.300388719E1,-7.879110686E1,1.795152253E2,1.447998570E2,2.360714448E-1,3.561925613E0,3.656232723E-1,4.721116946E0,3.396408665E0,-1.000000000E0
2.648871629E2,4.300388139E1,-7.879112240E1,1.796499088E2,1.449345471E2,2.404455865E-1,3.561919678E0,3.671518074E-1,4.721408691E0,3.396003093E0,-1.000000000E0
2.658871641E2,4.300387513E1,-7.879113913E1,1.796332495E2,1.449178949E2,2.072098371E-1,3.561913283E0,3.686947601E-1,4.721528820E0,3.395836072E0,-1.000000000E0
2.668871653E2,4.300386931E1,-7.879115635E1,1.797725571E2,1.450572086E2,1.893008060E-1,3.561906718E0,3.699758094E-1,4.721202225E0,3.396290121E0,-1.000000000E0
2.678871657E2,4.300386328E1,-7.879116977E1,1.799110731E2,1.451957322E2,1.749716022E-1,3.561901562E0,3.714079003E-1,4.721594948E0,3.395744128E0,-1.000000000E0
2.688871671E2,4.300385960E1,-7.879118665E1,1.798215083E2,1.451061698E2,1.934571032E-1,3.561895182E0,3.725809108E-1,4.721900051E0,3.395319859E0,-1.000000000E0
2.698871678E2,4.300385487E1,-7.879119955E1,1.797068779E2,1.449915447E2,1.770574229E-1,3.561890257E0,3.738351146E-1,4.720988099E0,3.396587758E0,-1.000000000E0
2.708871680E2,4.300384963E1,-7.879121320E1,1.795950539E2,1.448797266E2,1.938630020E-1,3.561885036E0,3.752757558E-1,4.720308535E0,3.397532100E0,-1.000000000E0
2.718876585E2,4.300384417E1,-7.879122927E1,1.795981659E2,1.448828445E2,2.154985760E-1,3.561878909E0,3.765283096E-1,4.723351163E0,3.393300874E0,-1.000000000E0
2.728876479E2,4.300383810E1,-7.879124224E1,1.797524396E2,1.450371259E2,1.487601133E-1,3.561873920E0,3.777605039E-1,4.722621805E0,3.394315883E0,-1.000000000E0
2.738876311E2,4.300383419E1,-7.879125642E1,1.799604558E2,1.452451456E2,2.044239723E-1,3.561868538E0,3.792053309E-1,4.723931946E0,3.392492300E0,-1.000000000E0
2.748876204E2,4.300383006E1,-7.879127327E1,1.799222446E2,1.452069376E2,2.278018024E-1,3.561862158E0,3.803735690E-1,4.724640814E0,3.391505006E0,-1.000000000E0
2.758876101E2,4.300382631E1,-7.879128669E1,1.801766004E2,1.454612968E2,2.644592034E-1,3.561857064E0,3.817913876E-1,4.725344640E0,3.390524306E0,-1.000000000E0
2.768875889E2,4.300382093E1,-7.879130250E1,1.801912396E2,1.454759417E2,2.022509811E-1,3.561851036E0,3.831080346E-1,4.725416200E0,3.390424570E0,-1.000000000E0
2.778875691E2,4.300381388E1,-7.879131551E1,1.799517114E2,1.452364229E2,1.399809249E-1,3.561846008E0,3.846047879E-1,4.725046616E0,3.390939620E0,-1.000000000E0
2.788875493E2,4.300380761E1,-7.879133179E1,1.797310770E2,1.450157958E2,1.702727435E-1,3.561839780E0,3.859490526E-1,4.725320667E0,3.390557716E0,-1.000000000E0
2.798875237E2,4.300380210E1,-7.879134650E1,1.793333149E2,1.446180400E2,1.510109740E-1,3.561834157E0,3.876640764E-1,4.727106588E0,3.388067345E0,-1.000000000E0
2.808875057E2,4.300379730E1,-7.879136655E1,1.787964830E2,1.440812117E2,2.255130681E-1,3.561826568E0,3.889241101E-1,4.728016085E0,3.386798035E0,-1.000000000E0
2.818874791E2,4.300379276E1,-7.879138074E1,1.785124277E2,1.437971610E2,1.881259269E-1,3.561821165E0,3.903390945E-1,4.727871493E0,3.386999878E0,-1.000000000E0
2.828874494E2,4.300378857E1,-7.879139718E1,1.786506714E2,1.439354081E2,2.651322255E-1,3.561814936E0,3.919303312E-1,4.727803663E0,3.387094560E0,-1.000000000E0
2.838874311E2,4.300378448E1,-7.879141593E1,1.785275118E2,1.438122512E2,3.093089635E-1,3.561807847E0,3.935102178E-1,4.727596968E0,3.387383052E0,-1.000000000E0
2.848874112E2,4.300377964E1,-7.879143419E1,1.782070127E2,1.434917563E2,2.946529485E-1,3.561800920E0,3.949648304E-1,4.728036025E0,3.386770199E0,-1.000000000E0
2.858873855E2,4.300377198E1,-7.879144870E1,1.785650984E2,1.438498522E2,2.530888637E-1,3.561795319E0,3.961184027E-1,4.727264578E0,3.387846904E0,-1.000000000E0
2.868873608E2,4.300376735E1,-7.879146139E1,1.784898524E2,1.437746113E2,1.497197208E-1,3.561790471E0,3.975591360E-1,4.726446453E0,3.388988192E0,-1.000000000E0
2.878873384E2,4.300376207E1,-7.879147757E1,1.786503068E2,1.439350712E2,1.945272221E-1,3.561784308E0,3.989216681E-1,4.726910106E0,3.388341464E0,-1.000000000E0
2.888873160E2,4.300375496E1,-7.879149121E1,1.788371995E2,1.441219733E2,1.775182171E-1,3.561779043E0,4.002594336E-1,4.726448584E0,3.388985219E0,-1.000000000E0
2.898872954E2,4.300374866E1,-7.879150523E1,1.790061401E2,1.442909217E2,1.994104066E-1,3.561773659E0,4.017703735E-1,4.726122018E0,3.389440617E0,-1.000000000E0
2.908872761E2,4.300374052E1,-7.879152011E1,1.789794237E2,1.442642163E2,1.849012767E-1,3.561767904E0,4.030390152E-1,4.725877657E0,3.389781321E0,-1.000000000E0
2.918872577E2,4.300373515E1,-7.879153387E1,1.788635564E2,1.441483552E2,1.903225648E-1,3.561762639E0,4.047250602E-1,4.726287241E0,3.389210224E0,-1.000000000E0
2.928872403E2,4.300372821E1,-7.879155231E1,1.788290606E2,1.441138673E2,2.152839003E-1,3.561755593E0,4.061341393E-1,4.725672716E0,3.390067022E0,-1.000000000E0
2.938872243E2,4.300372157E1,-7.879156707E1,1.789256557E2,1.442104707E2,1.666490958E-1,3.561749923E0,4.076965837E-1,4.725750919E0,3.389958006E0,-1.000000000E0
2.948872085E2,4.300371620E1,-7.879158482E1,1.788438781E2,1.441286983E2,2.343746327E-1,3.561743172E0,4.094854571E-1,4.726033873E0,3.389563522E0,-1.000000000E0
2.958871946E2,4.300370891E1,-7.879160443E1,1.788964821E2,1.441813105E2,2.253460331E-1,3.561735679E0,4.109647881E-1,4.725237039E0,3.390674263E0,-1.000000000E0
2.968871799E2,4.300370116E1,-7.879161922E1,1.789225991E2,1.442074378E2,1.921919500E-1,3.561729969E0,4.124516380E-1,4.726131176E0,3.389427849E0,-1.000000000E0
2.978871679E2,4.300369512E1,-7.879163553E1,1.788301302E2,1.441149757E2,1.725578654E-1,3.561723739E0,4.139335097E-1,4.725268417E0,3.390630535E0,-1.000000000E0
2.988871555E2,4.300368933E1,-7.879165195E1,1.788304686E2,1.441153204E2,1.807899364E-1,3.561717475E0,4.154396381E-1,4.725604128E0,3.390162630E0,-1.000000000E0
2.998871436E2,4.300368453E1,-7.879166926E1,1.788845176E2,1.441693737E2,2.582037704E-1,3.561710902E0,4.169972093E-1,4.725371743E0,3.390486532E0,-1.000000000E0
3.008871326E2,4.300367757E1,-7.879168589E1,1.789636768E2,1.442485414E2,2.369190323E-1,3.561704530E0,4.185975705E-1,4.726727978E0,3.388595528E0,-1.000000000E0
3.018871229E2,4.300367052E1,-7.879170304E1,1.788691088E2,1.441539817E2,1.882368514E-1,3.561697957E0,4.201447429E-1,4.725828055E0,3.389850472E0,-1.000000000E0
3.028871124E2,4.300366406E1,-7.879171990E1,1.788262520E2,1.441111324E2,1.930870711E-1,3.561691512E0,4.216434859E-1,4.725921508E0,3.389720185E0,-1.000000000E0
3.038871033E2,4.300365793E1,-7.879173631E1,1.790215044E2,1.443063917E2,2.203304853E-1,3.561685241E0,4.232908659E-1,4.726645834E0,3.388710108E0,-1.000000000E0
3.048870938E2,4.300365052E1,-7.879175386E1,1.787112364E2,1.439961327E2,1.951445858E-1,3.561678513E0,4.247314871E-1,4.727538526E0,3.387464616E0,-1.000000000E0
3.058870853E2,4.300364477E1,-7.879176973E1,1.786807742E2,1.439656768E2,1.818770677E-1,3.561672452E0,4.263251684E-1,4.726745046E0,3.388571720E0,-1.000000000E0
3.068870775E2,4.300363639E1,-7.879178563E1,1.785155000E2,1.438004138E2,1.929468533E-1,3.561666312E0,4.277852016E-1,4.726736496E0,3.388583647E0,-1.000000000E0
3.078870705E2,4.300362965E1,-7.879180104E1,1.785733399E2,1.438582619E2,2.167050827E-1,3.561660398E0,4.292190788E-1,4.726545956E0,3.388849415E0,-1.000000000E0
3.088870637E2,4.300362295E1,-7.879181611E1,1.786896809E2,1.439746112E2,2.096056017E-1,3.561654612E0,4.307003847E-1,4.726340479E0,3.389135983E0,-1.000000000E0
3.098870564E2,4.300361617E1,-7.879183179E1,1.789714651E2,1.442564038E2,2.311188698E-1,3.561648596E0,4.323387203E-1,4.725897148E0,3.389754147E0,-1.000000000E0
3.108870502E2,4.300361135E1,-7.879185083E1,1.788246396E2,1.441095822E2,2.395372972E-1,3.561641381E0,4.338407168E-1,4.725558991E0,3.390225547E0,-1.000000000E0
3.118870431E2,4.300360501E1,-7.879186713E1,1.789800700E2,1.442650199E2,2.468977245E-1,3.561635143E0,4.353701403E-1,4.726882704E0,3.388379692E0,-1.000000000E0
3.128870376E2,4.300359911E1,-7.879188413E1,1.788433133E2,1.441282696E2,2.159247778E-1,3.561628662E0,4.367716679E-1,4.725149975E0,3.390795592E0,-1.000000000E0
3.138870320E2,4.300359168E1,-7.879189805E1,1.793079421E2,1.445929083E2,2.745742255E-1,3.561623284E0,4.382473431E-1,4.725008063E0,3.390993341E0,-1.000000000E0
3.148870262E2,4.300358590E1,-7.879191438E1,1.791411264E2,1.444260989E2,1.969193669E-1,3.561617050E0,4.398779039E-1,4.723494751E0,3.393100996E0,-1.000000000E0
3.158870212E2,4.300358006E1,-7.879193277E1,1.788928599E2,1.441778384E2,2.188513664E-1,3.561610049E0,4.412009077E-1,4.723481667E0,3.393119210E0,-1.000000000E0
3.168870161E2,4.300357538E1,-7.879194773E1,1.786107469E2,1.438957300E2,1.947759492E-1,3.561604358E0,4.427977785E-1,4.723676038E0,3.392848615E0,-1.000000000E0
3.178870113E2,4.300356860E1,-7.879196504E1,1.786847637E2,1.439697547E2,1.812836288E-1,3.561597735E0,4.444077710E-1,4.723133479E0,3.393603862E0,-1.000000000E0
3.188870076E2,4.300356136E1,-7.879198219E1,1.787685672E2,1.440535669E2,2.031791436E-1,3.561591159E0,4.461030167E-1,4.723128492E0,3.393610802E0,-1.000000000E0
3.198870029E2,4.300355479E1,-7.879200100E1,1.785568688E2,1.438418757E2,2.249215969E-1,3.561583983E0,4.475678404E-1,4.726745503E0,3.388571082E0,-1.000000000E0
3.208869978E2,4.300354792E1,-7.879201637E1,1.785490294E2,1.438340448E2,1.987762390E-1,3.561578081E0,4.490813265E-1,4.724886287E0,3.391163017E0,-1.000000000E0
3.218869947E2,4.300354214E1,-7.879203322E1,1.786381909E2,1.439232125E2,2.503235254E-1,3.561571655E0,4.505734449E-1,4.724307032E0,3.391969944E0,-1.000000000E0
3.228869904E2,4.300353527E1,-7.879204898E1,1.786826183E2,1.439676483E2,2.023709086E-1,3.561565608E0,4.519760346E-1,4.723593350E0,3.392963733E0,-1.000000000E0
3.238869864E2,4.300352743E1,-7.879206250E1,1.787936207E2,1.440786615E2,1.495105430E-1,3.561560368E0,4.535723764E-1,4.723622057E0,3.392923767E0,-1.000000000E0
3.248869833E2,4.300352050E1,-7.879207969E1,1.789340828E2,1.442191318E2,1.932832638E-1,3.561553786E0,4.551674379E-1,4.723385669E0,3.393252842E0,-1.000000000E0
3.258869796E2,4.300351459E1,-7.879209756E1,1.788896168E2,1.441746720E2,2.164548725E-1,3.561546976E0,4.567478423E-1,4.723360636E0,3.393287688E0,-1.000000000E0
3.268869765E2,4.300350723E1,-7.879211419E1,1.787503309E2,1.440353952E2,1.973569912E-1,3.561540592E0,4.581867901E-1,4.723312200E0,3.393355109E0,-1.000000000E0
3.278869724E2,4.300350279E1,-7.879213081E1,1.787955380E2,1.440806061E2,2.176596658E-1,3.561534288E0,4.596342629E-1,4.722736982E0,3.394155629E0,-1.000000000E0
3.288869704E2,4.300349696E1,-7.879214672E1,1.788070557E2,1.440921303E2,2.109191960E-1,3.561528210E0,4.611095556E-1,4.722391584E0,3.394636175E0,-1.000000000E0
3.298869669E2,4.300349065E1,-7.879216268E1,1.788781662E2,1.441632482E2,2.045304740E-1,3.561522103E0,4.627889596E-1,4.722292526E0,3.394773973E0,-1.000000000E0
3.308869640E2,4.300348492E1,-7.879218179E1,1.787192982E2,1.440043857E2,1.981264129E-1,3.561514837E0,4.640680068E-1,4.722113811E0,3.395022561E0,-1.000000000E0
3.318869609E2,4.300347834E1,-7.879219469E1,1.788958442E2,1.441809404E2,1.760105214E-1,3.561509862E0,4.654936128E-1,4.722675834E0,3.394240710E0,-1.000000000E0
3.328869580E2,4.300347351E1,-7.879221093E1,1.789898138E2,1.442749146E2,1.856569746E-1,3.561503689E0,4.670888754E-1,4.723087247E0,3.393668205E0,-1.000000000E0
3.338869548E2,4.300346740E1,-7.879222868E1,1.789781723E2,1.442632797E2,2.111763486E-1,3.561496920E0,4.685998449E-1,4.725579306E0,3.390197230E0,-1.000000000E0
3.348869532E2,4.300346044E1,-7.879224463E1,1.790069475E2,1.442920634E2,2.175532769E-1,3.561490797E0,4.702516985E-1,4.724345489E0,3.391916380E0,-1.000000000E0
3.358869503E2,4.300345399E1,-7.879226294E1,1.790554782E2,1.443406011E2,2.609715441E-1,3.561483813E0,4.717373497E-1,4.724212725E0,3.392101290E0,-1.000000000E0
3.368869478E2,4.300344689E1,-7.879227841E1,1.788883389E2,1.441734708E2,2.254705225E-1,3.561477866E0,4.732467408E-1,4.725180552E0,3.390752982E0,-1.000000000E0
3.378869450E2,4.300343987E1,-7.879229429E1,1.789852908E2,1.442704314E2,1.873294635E-1,3.561471768E0,4.748535064E-1,4.724773539E0,3.391320103E0,-1.000000000E0
3.388869430E2,4.300343405E1,-7.879231238E1,1.789533802E2,1.442385267E2,2.093653788E-1,3.561464881E0,4.765638467E-1,4.725246908E0,3.390660509E0,-1.000000000E0
3.398869402E2,4.300342686E1,-7.879233098E1,1.787987490E2,1.440839038E2,2.553663824E-1,3.561457768E0,4.780145304E-1,4.724930907E0,3.391100847E0,-1.000000000E0
3.408869374E2,4.300342033E1,-7.879234642E1,1.789088977E2,1.441940604E2,2.128945384E-1,3.561451848E0,4.794450736E-1,4.725726162E0,3.389992519E0,-1.000000000E0
3.418869358E2,4.300341400E1,-7.879236174E1,1.789818512E2,1.442670214E2,1.909993103E-1,3.561445978E0,4.807709989E-1,4.723709954E0,3.392801395E0,-1.000000000E0
3.428869337E2,4.300340699E1,-7.879237492E1,1.793242526E2,1.446094322E2,1.840198066E-1,3.561440885E0,4.820875293E-1,4.723998985E0,3.392398948E0,-1.000000000E0
3.438869312E2,4.300340029E1,-7.879238827E1,1.792925832E2,1.445777716E2,1.378217217E-1,3.561435739E0,4.830767163E-1,4.724271221E0,3.392019820E0,-1.000000000E0
3.448869289E2,4.300339439E1,-7.879239738E1,1.793695361E2,1.446547328E2,7.352110976E-2,3.561432192E0,4.835563742E-1,4.724222452E0,3.392087743E0,-1.000000000E0
3.458869271E2,4.300339119E1,-7.879240133E1,1.793748355E2,1.446600369E2,9.323146634E-2,3.561430637E0,4.837817181E-1,4.723659490E0,3.392871653E0,-1.000000000E0
3.468869249E2,4.300339001E1,-7.879240359E1,1.791338315E2,1.444190345E2,3.256869150E-2,3.561429766E0,4.838511988E-1,4.719256694E0,3.398992982E0,-1.000000000E0
3.478869226E2,4.300338946E1,-7.879240400E1,1.791860582E2,1.444712621E2,9.114879887E-2,3.561429600E0,4.840771713E-1,4.716949735E0,3.402193737E0,-1.000000000E0
3.488869208E2,4.300338855E1,-7.879240648E1,1.792223321E2,1.445075370E2,8.205204301E-2,3.561428652E0,4.845073356E-1,4.716521136E0,3.402787887E0,-1.000000000E0
3.498869187E2,4.300339001E1,-7.879241137E1,1.792534805E2,1.445386815E2,1.599665768E-1,3.561426868E0,0,4.717784090E0,3.401036653E0,-1.000000000E0